Time,acc_x,acc_y,acc_z,Pitch,Roll,Yaw
0.050000,0.000003,0.000003,0.000003,0.000038,0.000017,0.000008,
0.100000,0.000002,0.000004,0.000003,0.000040,0.000061,0.000022,
0.150000,0.000002,0.000002,0.000003,0.000039,0.000060,0.000023,
0.200000,0.000002,0.000003,0.000003,0.000038,0.000064,0.000026,
0.250000,0.000002,0.000006,0.000004,0.000028,0.000064,0.000026,
0.300000,0.000001,0.000006,0.000003,0.000020,0.000065,0.000028,
0.350000,0.000001,0.000006,0.000004,0.000020,0.000059,0.000029,
0.400000,0.000002,0.000006,0.000004,0.000109,0.000246,0.000029,
0.450000,0.000002,0.000010,0.000004,0.000141,0.000389,0.000030,
0.500000,0.000003,0.000013,0.000005,0.000139,0.000530,0.000030,
0.550000,0.000008,0.000015,0.000004,0.000142,0.000497,0.000033,
0.600000,0.000012,0.000012,0.000005,0.000149,0.000506,0.000032,
0.650000,0.000011,0.000011,0.000005,0.000295,0.000587,0.000086,
0.700000,0.000035,0.000063,0.000006,0.000290,0.000591,0.000126,
0.750000,0.000055,0.000987,0.000004,0.000297,0.000567,0.000842,
0.800000,0.000056,0.002597,0.000004,0.000310,0.000553,0.004166,
0.850000,0.000060,0.003250,0.000004,0.000308,0.000537,0.004918,
0.900000,0.000276,0.003508,0.000005,0.000242,0.000450,0.005024,
0.950000,0.000357,0.003302,0.000005,0.000212,0.000360,0.008205,
1.000000,0.000400,0.003128,0.000005,0.000211,0.000384,0.015224,
1.050000,0.000396,0.002791,0.000005,0.000365,0.000390,0.017314,
1.100000,0.000432,0.002806,0.000004,0.000887,0.000498,0.018006,
1.150000,0.000818,0.003495,0.000005,0.000921,0.000397,0.019570,
1.200000,0.000873,0.004821,0.000005,0.001036,0.000384,0.019873,
1.250000,0.001517,0.004803,0.000005,0.001345,0.001069,0.018664,
1.300000,0.001523,0.003886,0.000005,0.001592,0.001150,0.028504,
1.350000,0.002897,0.003112,0.000006,0.002034,0.001227,0.030626,
1.400000,0.002881,0.003085,0.000005,0.001874,0.001205,0.034228,
1.450000,0.002757,0.002450,0.000006,0.002024,0.001284,0.033435,
1.500000,0.003202,0.002438,0.000004,0.001974,0.001032,0.028653,
1.550000,0.003593,0.002302,0.000004,0.001977,0.001101,0.026522,
1.600000,0.004119,0.002738,0.000004,0.002253,0.000900,0.025687,
1.650000,0.003784,0.003602,0.000005,0.002143,0.000789,0.031364,
1.700000,0.003742,0.003628,0.000006,0.001896,0.000789,0.036965,
1.750000,0.003171,0.003091,0.000011,0.001759,0.000390,0.046602,
1.800000,0.003178,0.002863,0.000012,0.001579,0.000410,0.028350,
1.850000,0.001825,0.002545,0.000011,0.000977,0.000239,0.019726,
1.900000,0.001761,0.003022,0.000011,0.001079,0.000240,0.018255,
1.950000,0.001756,0.002349,0.000010,0.001098,0.000210,0.016782,
2.000000,0.001179,0.001358,0.000009,0.000918,0.000218,0.017338,
2.050000,0.000862,0.001434,0.000010,0.000995,0.000063,0.019512,
2.100000,0.000298,0.002451,0.000011,0.000411,0.000071,0.020417,
2.150000,0.000274,0.002411,0.000010,0.001496,0.000370,0.025168,
2.200000,0.000189,0.002847,0.000008,0.001470,0.000417,0.020630,
2.250000,0.000081,0.002588,0.000005,0.001453,0.000435,0.008768,
2.300000,0.000082,0.002674,0.000004,0.001384,0.000416,0.008784,
2.350000,0.000081,0.002257,0.000006,0.001344,0.000418,0.005807,
2.400000,0.000021,0.001148,0.000006,0.001156,0.000439,0.005496,
2.450000,0.000021,0.000446,0.000006,0.001026,0.000453,0.004843,
2.500000,0.000019,0.000330,0.000005,0.001023,0.000452,0.004799,
2.550000,0.000018,0.000316,0.000008,0.000867,0.000454,0.004710,
2.600000,0.000011,0.000266,0.000015,0.000816,0.000452,0.004738,
2.650000,0.000010,0.000003,0.000016,0.000025,0.000024,0.000010,
2.700000,0.000004,0.000002,0.000015,0.000025,0.000020,0.000012,
2.750000,0.000004,0.000002,0.000013,0.000019,0.000020,0.000015,
2.800000,0.000003,0.000001,0.000013,0.000015,0.000020,0.000016,
2.850000,0.000004,0.000001,0.000013,0.000016,0.000020,0.000023,
2.900000,0.000004,0.000001,0.000013,0.000026,0.000023,0.000021,
2.950000,0.000004,0.000001,0.000013,0.000029,0.000028,0.000027,
3.000000,0.000004,0.000001,0.000013,0.000027,0.000028,0.000027,
3.050000,0.000003,0.000001,0.000010,0.000027,0.000033,0.000026,
3.100000,0.000004,0.000002,0.000006,0.000021,0.000053,0.000024,
3.150000,0.000002,0.000003,0.000005,0.000025,0.000048,0.000028,
3.200000,0.000002,0.000003,0.000005,0.000026,0.000049,0.000026,
3.250000,0.000003,0.000003,0.000005,0.000031,0.000055,0.000023,
3.300000,0.000004,0.000003,0.000006,0.000034,0.000057,0.000024,
3.350000,0.000003,0.000005,0.000004,0.000032,0.000063,0.000019,
3.400000,0.000002,0.000005,0.000004,0.000026,0.000053,0.000018,
3.450000,0.000002,0.000006,0.000004,0.000046,0.000081,0.000020,
3.500000,0.000002,0.000006,0.000005,0.000049,0.000081,0.000020,
3.550000,0.000002,0.000005,0.000006,0.000049,0.000077,0.000020,
3.600000,0.000003,0.000004,0.000011,0.000048,0.000051,0.000019,
3.650000,0.000002,0.000003,0.000012,0.000033,0.000050,0.000015,
3.700000,0.000003,0.000004,0.000011,0.000033,0.000051,0.000015,
3.750000,0.000003,0.000004,0.000012,0.000019,0.000049,0.000013,
3.800000,0.000003,0.000004,0.000011,0.000028,0.000048,0.000015,
3.850000,0.000003,0.000002,0.000010,0.000032,0.000037,0.000014,
3.900000,0.000003,0.000002,0.000009,0.000033,0.000039,0.000016,
3.950000,0.000003,0.000001,0.000009,0.000018,0.000016,0.000008,
4.000000,0.000003,0.000002,0.000010,0.000012,0.000025,0.000009,
4.050000,0.000004,0.000002,0.000008,0.000013,0.000026,0.000012,
4.100000,0.000004,0.000002,0.000004,0.000016,0.000026,0.000011,
4.150000,0.000005,0.000002,0.000004,0.000016,0.000029,0.000012,
4.200000,0.000005,0.000002,0.000004,0.000016,0.000032,0.000013,
4.250000,0.000006,0.000003,0.000003,0.000024,0.000037,0.000014,
4.300000,0.000005,0.000004,0.000003,0.000017,0.000042,0.000012,
4.350000,0.000005,0.000004,0.000003,0.000015,0.000044,0.000010,
4.400000,0.000005,0.000004,0.000005,0.000016,0.000041,0.000022,
4.450000,0.000005,0.000004,0.000005,0.000015,0.000036,0.000022,
4.500000,0.000005,0.000003,0.000004,0.000013,0.000028,0.000026,
4.550000,0.000003,0.000004,0.000004,0.000013,0.000031,0.000025,
4.600000,0.000003,0.000005,0.000004,0.000014,0.000031,0.000027,
4.650000,0.000003,0.000005,0.000005,0.000014,0.000028,0.000030,
4.700000,0.000003,0.000004,0.000005,0.000013,0.000026,0.000030,
4.750000,0.000002,0.000004,0.000005,0.000013,0.000033,0.000033,
4.800000,0.000002,0.000003,0.000005,0.000013,0.000025,0.000033,
4.850000,0.000003,0.000003,0.000006,0.000009,0.000043,0.000034,
4.900000,0.000003,0.000003,0.000004,0.000010,0.000048,0.000015,
4.950000,0.000003,0.000004,0.000004,0.000013,0.000048,0.000017,
5.000000,0.000004,0.000004,0.000004,0.000013,0.000048,0.000018,
5.050000,0.000004,0.000004,0.000004,0.000014,0.000048,0.000024,
5.100000,0.000004,0.000004,0.000005,0.000021,0.000049,0.000022,
5.150000,0.000003,0.000003,0.000004,0.000021,0.000061,0.000017,
5.200000,0.000006,0.000003,0.000004,0.000022,0.000059,0.000016,
5.250000,0.000006,0.000003,0.000004,0.000015,0.000046,0.000016,
5.300000,0.000006,0.000002,0.000004,0.000014,0.000046,0.000013,
5.350000,0.000006,0.000002,0.000005,0.000267,0.000041,0.000042,
5.400000,0.000005,0.000002,0.000005,0.000295,0.000035,0.000043,
5.450000,0.000040,0.000543,0.000005,0.000297,0.000109,0.000146,
5.500000,0.000156,0.003058,0.000005,0.000300,0.000155,0.000534,
5.550000,0.000396,0.005751,0.000006,0.000309,0.000212,0.005451,
5.600000,0.000673,0.005707,0.000004,0.000307,0.000241,0.005442,
5.650000,0.001191,0.005356,0.000004,0.000526,0.000377,0.006002,
5.700000,0.002683,0.005319,0.000004,0.000528,0.000382,0.009424,
5.750000,0.002779,0.004851,0.000005,0.000922,0.000374,0.009744,
5.800000,0.003329,0.004182,0.000006,0.000971,0.000370,0.014645,
5.850000,0.004588,0.003347,0.000011,0.000719,0.000473,0.016601,
5.900000,0.004578,0.002328,0.000011,0.000888,0.000486,0.020456,
5.950000,0.004429,0.003342,0.000012,0.001046,0.001838,0.025655,
6.000000,0.004991,0.003859,0.000012,0.001336,0.001939,0.030058,
6.050000,0.005002,0.003732,0.000011,0.001464,0.001843,0.027652,
6.100000,0.005503,0.003559,0.000011,0.001476,0.002007,0.028182,
6.150000,0.004699,0.004258,0.000011,0.001686,0.001756,0.027267,
6.200000,0.003503,0.003416,0.000012,0.001752,0.002352,0.027348,
6.250000,0.003438,0.003800,0.000012,0.001263,0.002355,0.025933,
6.300000,0.002755,0.003663,0.000010,0.001378,0.002579,0.016447,
6.350000,0.001614,0.003030,0.000005,0.001414,0.002514,0.019532,
6.400000,0.001650,0.001479,0.000006,0.001589,0.002531,0.019029,
6.450000,0.001668,0.001512,0.000004,0.001261,0.001892,0.022403,
6.500000,0.000953,0.003356,0.000004,0.000682,0.001965,0.027934,
6.550000,0.000984,0.009461,0.000004,0.000682,0.001976,0.031315,
6.600000,0.000524,0.009744,0.000005,0.000900,0.001753,0.037624,
6.650000,0.000559,0.009729,0.000006,0.001096,0.001756,0.038710,
6.700000,0.000586,0.008216,0.000011,0.001077,0.001678,0.038538,
6.750000,0.000591,0.008710,0.000012,0.001088,0.001667,0.036928,
6.800000,0.000524,0.008990,0.000011,0.001100,0.001309,0.030110,
6.850000,0.000526,0.009403,0.000012,0.001103,0.001495,0.014904,
6.900000,0.000467,0.009535,0.000011,0.000870,0.001611,0.010774,
6.950000,0.000436,0.009897,0.000010,0.000869,0.001176,0.012025,
7.000000,0.000171,0.009165,0.000011,0.000665,0.001110,0.010815,
7.050000,0.000149,0.002821,0.000011,0.000630,0.001161,0.009431,
7.100000,0.000091,0.000196,0.000011,0.000532,0.001203,0.005413,
7.150000,0.000050,0.000013,0.000008,0.000295,0.001240,0.002196,
7.200000,0.000008,0.000004,0.000005,0.000021,0.000192,0.000027,
7.250000,0.000002,0.000004,0.000005,0.000019,0.000043,0.000023,
7.300000,0.000004,0.000004,0.000005,0.000019,0.000042,0.000023,
7.350000,0.000003,0.000004,0.000005,0.000016,0.000038,0.000023,
7.400000,0.000003,0.000005,0.000005,0.000017,0.000038,0.000025,
7.450000,0.000002,0.000004,0.000006,0.000015,0.000055,0.000026,
7.500000,0.000002,0.000003,0.000006,0.000015,0.000052,0.000026,
7.550000,0.000003,0.000003,0.000004,0.000007,0.000068,0.000017,
7.600000,0.000003,0.000004,0.000008,0.000010,0.000063,0.000016,
7.650000,0.000004,0.000004,0.000011,0.000010,0.000057,0.000014,
7.700000,0.000004,0.000004,0.000012,0.000010,0.000047,0.000011,
7.750000,0.000005,0.000003,0.000012,0.000010,0.000043,0.000007,
7.800000,0.000004,0.000003,0.000013,0.000011,0.000043,0.000006,
7.850000,0.000004,0.000003,0.000011,0.000013,0.000039,0.000005,
7.900000,0.000004,0.000002,0.000012,0.000012,0.000035,0.000012,
7.950000,0.000004,0.000002,0.000009,0.000012,0.000031,0.000013,
8.000000,0.000005,0.000002,0.000009,0.000013,0.000026,0.000015,
8.050000,0.000004,0.000002,0.000011,0.000012,0.000019,0.000015,
8.100000,0.000004,0.000002,0.000010,0.000010,0.000019,0.000018,
8.150001,0.000004,0.000002,0.000007,0.000007,0.000021,0.000023,
8.200000,0.000006,0.000002,0.000006,0.000008,0.000021,0.000031,
8.250000,0.000004,0.000002,0.000004,0.000009,0.000017,0.000034,
8.300000,0.000005,0.000002,0.000005,0.000008,0.000015,0.000031,
8.350000,0.000005,0.000003,0.000005,0.000003,0.000015,0.000034,
8.400001,0.000004,0.000003,0.000007,0.000006,0.000015,0.000023,
8.450000,0.000004,0.000002,0.000008,0.000006,0.000016,0.000022,
8.500000,0.000004,0.000002,0.000010,0.000006,0.000014,0.000028,
8.550000,0.000004,0.000002,0.000011,0.000005,0.000015,0.000032,
8.600000,0.000003,0.000002,0.000011,0.000005,0.000016,0.000030,
8.650001,0.000004,0.000002,0.000010,0.000015,0.000019,0.000025,
8.700000,0.000002,0.000004,0.000009,0.000017,0.000022,0.000018,
8.750000,0.000002,0.000003,0.000009,0.000021,0.000031,0.000014,
8.800000,0.000002,0.000003,0.000009,0.000024,0.000044,0.000014,
8.850000,0.000003,0.000003,0.000010,0.000025,0.000053,0.000014,
8.900001,0.000003,0.000003,0.000008,0.000023,0.000053,0.000014,
8.950000,0.000003,0.000003,0.000008,0.000023,0.000050,0.000022,
9.000000,0.000004,0.000003,0.000006,0.000025,0.000060,0.000014,
9.050000,0.000003,0.000003,0.000004,0.000028,0.000059,0.000016,
9.100000,0.000004,0.000002,0.000003,0.000029,0.000058,0.000016,
9.150001,0.000004,0.000002,0.000004,0.000018,0.000043,0.000016,
9.200000,0.000004,0.000001,0.000004,0.000017,0.000047,0.000014,
9.250000,0.000004,0.000001,0.000004,0.000014,0.000047,0.000014,
9.300000,0.000003,0.000002,0.000003,0.000012,0.000035,0.000021,
9.350000,0.000003,0.000002,0.000004,0.000012,0.000028,0.000020,
9.400001,0.000003,0.000002,0.000006,0.000012,0.000029,0.000021,
9.450000,0.000002,0.000002,0.000006,0.000012,0.000034,0.000016,
9.500000,0.000002,0.000002,0.000007,0.000011,0.000030,0.000019,
9.550000,0.000002,0.000002,0.000008,0.000009,0.000033,0.000013,
9.600000,0.000003,0.000002,0.000008,0.000015,0.000039,0.000015,
9.650001,0.000002,0.000008,0.000008,0.000031,0.000041,0.000014,
9.700000,0.000003,0.000014,0.000015,0.000078,0.000035,0.000139,
9.750000,0.000006,0.000014,0.000017,0.000077,0.000037,0.000139,
9.800000,0.000006,0.000016,0.000019,0.000083,0.000048,0.000130,
9.850000,0.000008,0.000016,0.000021,0.000085,0.000048,0.000130,
9.900001,0.000006,0.000016,0.000020,0.000094,0.000045,0.000123,
9.950000,0.000007,0.000017,0.000019,0.000094,0.000031,0.000123,
10.000000,0.000007,0.000018,0.000019,0.000096,0.000031,0.000118,
10.050000,0.000006,0.000018,0.000018,0.000094,0.000037,0.000119,
10.100000,0.000006,0.000018,0.000019,0.000083,0.000026,0.000111,
10.150000,0.000006,0.000014,0.000016,0.000050,0.000045,0.000110,
10.200000,0.000011,0.000007,0.000013,0.000021,0.000061,0.000010,
10.250000,0.000339,0.000032,0.000011,0.000095,0.000062,0.000215,
10.300000,0.000745,0.000033,0.000012,0.000082,0.000045,0.000314,
10.350000,0.001645,0.000050,0.000007,0.000082,0.000047,0.002050,
10.400000,0.001849,0.000069,0.000007,0.000065,0.000042,0.002056,
10.450000,0.001855,0.000102,0.000058,0.000158,0.000063,0.002327,
10.500000,0.001938,0.000098,0.000103,0.000156,0.000158,0.003138,
10.550000,0.001648,0.000116,0.000271,0.000198,0.000232,0.004690,
10.600000,0.001380,0.000135,0.000275,0.000188,0.000301,0.005064,
10.650000,0.001119,0.000132,0.000273,0.000463,0.001165,0.005207,
10.700000,0.000806,0.000205,0.000280,0.000456,0.001307,0.005707,
10.750000,0.001608,0.000257,0.000281,0.000483,0.001947,0.008451,
10.800000,0.001653,0.000240,0.000274,0.000547,0.001975,0.008696,
10.850000,0.001391,0.000236,0.000272,0.000547,0.005886,0.011957,
10.900000,0.001544,0.000192,0.000267,0.000788,0.006255,0.012247,
10.950000,0.001804,0.000179,0.000182,0.000712,0.008213,0.013770,
11.000000,0.001205,0.000386,0.000168,0.000914,0.008575,0.012827,
11.050000,0.001061,0.000371,0.000019,0.000842,0.008500,0.013160,
11.100000,0.001601,0.000420,0.000005,0.000859,0.010115,0.014418,
11.150000,0.002225,0.000420,0.000006,0.000670,0.009513,0.012850,
11.200000,0.002785,0.000396,0.000004,0.000689,0.009414,0.047399,
11.250000,0.002786,0.000400,0.000004,0.000648,0.008724,0.049036,
11.300000,0.003312,0.000386,0.000004,0.000623,0.008634,0.048001,
11.350000,0.003673,0.000470,0.000005,0.000663,0.004605,0.045022,
11.400000,0.004086,0.000472,0.000006,0.000365,0.004448,0.045575,
11.450000,0.004378,0.000487,0.000011,0.000818,0.002758,0.044509,
11.500000,0.004503,0.000341,0.000012,0.000834,0.002681,0.041262,
11.550000,0.004506,0.000338,0.000011,0.000825,0.002746,0.039435,
11.600000,0.004551,0.000226,0.000011,0.000809,0.001167,0.034713,
11.650000,0.004221,0.000228,0.000011,0.000813,0.001168,0.034760,
11.700000,0.002750,0.000219,0.000011,0.000792,0.001102,0.005335,
11.750000,0.002896,0.000080,0.000011,0.000787,0.001102,0.002972,
11.800000,0.002232,0.000086,0.000011,0.000750,0.001101,0.003045,
11.850000,0.001320,0.000043,0.000010,0.000702,0.000964,0.002053,
11.900000,0.000017,0.000044,0.000008,0.000695,0.000922,0.000940,
11.950000,0.000018,0.000030,0.000010,0.000125,0.000895,0.000036,
12.000000,0.000007,0.000003,0.000010,0.000034,0.000055,0.000020,
12.050000,0.000005,0.000002,0.000010,0.000019,0.000057,0.000020,
12.100000,0.000005,0.000001,0.000009,0.000022,0.000036,0.000013,
12.150000,0.000005,0.000002,0.000008,0.000020,0.000034,0.000010,
12.200000,0.000005,0.000002,0.000008,0.000032,0.000039,0.000011,
12.250000,0.000006,0.000002,0.000009,0.000036,0.000030,0.000011,
12.300000,0.000006,0.000002,0.000008,0.000038,0.000038,0.000009,
12.350000,0.000005,0.000003,0.000009,0.000032,0.000043,0.000009,
12.400000,0.000004,0.000003,0.000011,0.000029,0.000042,0.000007,
12.450000,0.000002,0.000003,0.000004,0.000029,0.000047,0.000007,
12.500000,0.000003,0.000003,0.000003,0.000032,0.000032,0.000005,
12.550000,0.000003,0.000003,0.000003,0.000030,0.000026,0.000007,
12.600000,0.000004,0.000003,0.000003,0.000029,0.000026,0.000006,
12.650000,0.000004,0.000003,0.000003,0.000030,0.000027,0.000005,
12.700000,0.000003,0.000005,0.000003,0.000017,0.000028,0.000008,
12.750000,0.000004,0.000005,0.000003,0.000014,0.000034,0.000008,
12.800000,0.000003,0.000005,0.000007,0.000011,0.000030,0.000012,
12.850000,0.000003,0.000004,0.000007,0.000012,0.000022,0.000014,
12.900000,0.000003,0.000004,0.000004,0.000012,0.000022,0.000012,
12.950000,0.000003,0.000004,0.000004,0.000011,0.000017,0.000014,
13.000000,0.000002,0.000004,0.000004,0.000007,0.000016,0.000018,
13.050000,0.000002,0.000005,0.000004,0.000010,0.000016,0.000018,
13.100000,0.000002,0.000006,0.000004,0.000010,0.000018,0.000019,
13.150000,0.000002,0.000006,0.000004,0.000012,0.000021,0.000023,
13.200000,0.000002,0.000003,0.000005,0.000012,0.000021,0.000020,
13.250000,0.000003,0.000004,0.000004,0.000013,0.000014,0.000023,
13.300000,0.000003,0.000004,0.000002,0.000022,0.000013,0.000022,
13.350000,0.000003,0.000004,0.000003,0.000023,0.000014,0.000016,
13.400000,0.000003,0.000004,0.000003,0.000022,0.000017,0.000017,
13.450000,0.000003,0.000003,0.000003,0.000020,0.000018,0.000009,
13.500000,0.000004,0.000003,0.000004,0.000027,0.000036,0.000010,
13.550000,0.000004,0.000002,0.000003,0.000025,0.000043,0.000012,
13.600000,0.000003,0.000002,0.000003,0.000024,0.000044,0.000014,
13.650000,0.000003,0.000002,0.000004,0.000018,0.000041,0.000019,
13.700000,0.000003,0.000002,0.000003,0.000021,0.000047,0.000028,
13.750000,0.000001,0.000001,0.000003,0.000017,0.000047,0.000027,
13.800000,0.000002,0.000001,0.000007,0.000015,0.000053,0.000022,
13.850000,0.000002,0.000001,0.000008,0.000020,0.000052,0.000024,
13.900000,0.000002,0.000001,0.000007,0.000024,0.000049,0.000024,
13.950000,0.000002,0.000002,0.000007,0.000027,0.000047,0.000023,
14.000000,0.000002,0.000002,0.000007,0.000023,0.000025,0.000021,
14.050000,0.000003,0.000002,0.000007,0.000027,0.000046,0.000015,
14.100000,0.000003,0.000002,0.000008,0.000027,0.000045,0.000017,
14.150000,0.000004,0.000003,0.000005,0.000052,0.000085,0.000015,
14.200000,0.000012,0.000011,0.000007,0.000088,0.000132,0.000015,
14.250000,0.000263,0.000011,0.000007,0.000243,0.000278,0.000047,
14.300000,0.000292,0.000015,0.000008,0.000238,0.000262,0.000125,
14.350000,0.001352,0.000015,0.000007,0.000269,0.000326,0.003186,
14.400000,0.001821,0.000047,0.000046,0.000324,0.000328,0.004525,
14.450000,0.002811,0.000047,0.000049,0.000388,0.000361,0.004482,
14.500000,0.002643,0.000057,0.000049,0.000387,0.000649,0.004427,
14.550000,0.002379,0.000194,0.000051,0.000464,0.000677,0.004665,
14.600000,0.002242,0.000466,0.000052,0.000611,0.000697,0.009829,
14.650000,0.002045,0.000688,0.000051,0.000771,0.001423,0.010862,
14.700000,0.001983,0.000690,0.000049,0.000665,0.002348,0.012068,
14.750000,0.002347,0.000715,0.000048,0.000408,0.002741,0.014008,
14.800000,0.002410,0.000722,0.000049,0.000471,0.002808,0.014211,
14.850000,0.002506,0.000721,0.000048,0.000597,0.004924,0.010549,
14.900000,0.002217,0.000662,0.000012,0.000645,0.005385,0.007220,
14.950000,0.001075,0.000665,0.000005,0.000629,0.006684,0.005485,
15.000000,0.000876,0.000624,0.000006,0.000750,0.008954,0.006287,
15.050000,0.000835,0.000505,0.000004,0.000737,0.011055,0.006308,
15.100000,0.000841,0.000391,0.000004,0.000681,0.010984,0.004809,
15.150000,0.000877,0.000204,0.000006,0.000541,0.010516,0.004773,
15.200000,0.000971,0.000347,0.000006,0.000561,0.009614,0.004797,
15.250000,0.001017,0.000330,0.000005,0.000553,0.009864,0.003924,
15.300000,0.001160,0.000329,0.000004,0.000481,0.009914,0.004265,
15.350000,0.001031,0.000402,0.000004,0.000335,0.010433,0.004481,
15.400000,0.001322,0.000393,0.000006,0.000306,0.009550,0.004307,
15.450000,0.001396,0.000397,0.000006,0.000291,0.009202,0.003603,
15.500000,0.001090,0.000377,0.000006,0.000214,0.007306,0.003249,
15.550000,0.001102,0.000275,0.000005,0.000330,0.004698,0.003326,
15.600000,0.001002,0.000265,0.000006,0.000312,0.004745,0.002385,
15.650000,0.000702,0.000266,0.000004,0.000267,0.004113,0.001968,
15.700000,0.000959,0.000206,0.000004,0.000243,0.004347,0.002131,
15.750000,0.001189,0.000319,0.000004,0.000214,0.002754,0.004113,
15.800000,0.001411,0.000293,0.000005,0.000225,0.002652,0.004034,
15.850000,0.001310,0.000252,0.000006,0.000227,0.001056,0.002070,
15.900000,0.001164,0.000250,0.000011,0.000240,0.000535,0.002120,
15.950000,0.003955,0.001112,0.000012,0.000197,0.001318,0.003129,
16.000000,0.003865,0.001104,0.000011,0.000205,0.001340,0.003079,
16.049999,0.003794,0.001118,0.000011,0.000147,0.001273,0.003030,
16.100000,0.003795,0.001120,0.000015,0.000156,0.001264,0.002789,
16.150000,0.003720,0.001133,0.000014,0.000156,0.001238,0.002814,
16.200001,0.002938,0.001063,0.000016,0.000149,0.001084,0.002752,
16.250000,0.001852,0.000908,0.000018,0.000129,0.001062,0.000708,
16.299999,0.001866,0.000901,0.000019,0.000060,0.001095,0.000637,
16.350000,0.001883,0.000906,0.000014,0.000070,0.001088,0.000629,
16.400000,0.001878,0.000904,0.000012,0.000049,0.001048,0.000634,
16.450001,0.000002,0.000002,0.000013,0.000048,0.000098,0.000022,
16.500000,0.000001,0.000002,0.000013,0.000019,0.000031,0.000031,
16.549999,0.000001,0.000002,0.000013,0.000029,0.000045,0.000032,
16.600000,0.000001,0.000003,0.000010,0.000029,0.000042,0.000033,
16.650000,0.000001,0.000003,0.000013,0.000029,0.000035,0.000033,
16.700001,0.000001,0.000003,0.000010,0.000029,0.000045,0.000030,
16.750000,0.000001,0.000003,0.000010,0.000030,0.000048,0.000034,
16.799999,0.000001,0.000002,0.000007,0.000029,0.000053,0.000029,
16.850000,0.000001,0.000002,0.000008,0.000024,0.000046,0.000028,
16.900000,0.000001,0.000002,0.000008,0.000025,0.000051,0.000026,
16.950001,0.000002,0.000002,0.000010,0.000026,0.000051,0.000028,
17.000000,0.000002,0.000002,0.000010,0.000018,0.000050,0.000012,
17.049999,0.000002,0.000002,0.000010,0.000017,0.000035,0.000016,
17.100000,0.000003,0.000001,0.000010,0.000016,0.000037,0.000021,
17.150000,0.000002,0.000001,0.000006,0.000017,0.000029,0.000022,
17.200001,0.000002,0.000001,0.000006,0.000019,0.000024,0.000028,
17.250000,0.000002,0.000001,0.000003,0.000018,0.000012,0.000027,
17.299999,0.000003,0.000001,0.000004,0.000018,0.000008,0.000026,
17.350000,0.000004,0.000001,0.000002,0.000018,0.000008,0.000029,
17.400000,0.000004,0.000001,0.000006,0.000019,0.000008,0.000029,
17.450001,0.000004,0.000002,0.000007,0.000021,0.000009,0.000028,
17.500000,0.000004,0.000002,0.000010,0.000027,0.000010,0.000028,
17.549999,0.000004,0.000002,0.000010,0.000024,0.000012,0.000023,
17.600000,0.000004,0.000002,0.000011,0.000023,0.000015,0.000011,
17.650000,0.000004,0.000002,0.000011,0.000018,0.000016,0.000020,
17.700001,0.000004,0.000001,0.000011,0.000013,0.000014,0.000024,
17.750000,0.000004,0.000001,0.000011,0.000013,0.000025,0.000023,
17.799999,0.000002,0.000001,0.000010,0.000015,0.000021,0.000021,
17.850000,0.000002,0.000001,0.000012,0.000016,0.000020,0.000017,
17.900000,0.000001,0.000001,0.000008,0.000020,0.000020,0.000020,
17.950001,0.000001,0.000001,0.000007,0.000018,0.000022,0.000019,
18.000000,0.000003,0.000001,0.000008,0.000011,0.000022,0.000019,
18.049999,0.000004,0.000001,0.000008,0.000013,0.000030,0.000019,
18.100000,0.000003,0.000001,0.000007,0.000005,0.000032,0.000024,
18.150000,0.000003,0.000001,0.000007,0.000006,0.000032,0.000022,
18.200001,0.000002,0.000001,0.000008,0.000012,0.000037,0.000021,
18.250000,0.000002,0.000002,0.000008,0.000012,0.000028,0.000023,
18.299999,0.000003,0.000002,0.000008,0.000018,0.000024,0.000023,
18.350000,0.000003,0.000002,0.000007,0.000018,0.000024,0.000021,
18.400000,0.000002,0.000003,0.000007,0.000022,0.000024,0.000027,
18.450001,0.000004,0.000004,0.000007,0.000024,0.000018,0.000026,
18.500000,0.000003,0.000004,0.000006,0.000024,0.000015,0.000027,
18.549999,0.000003,0.000005,0.000006,0.000024,0.000010,0.000026,
18.600000,0.000004,0.000005,0.000018,0.000022,0.000026,0.000012,
18.650000,0.000004,0.000005,0.000018,0.000036,0.000027,0.000016,
18.700001,0.000006,0.000008,0.000018,0.000060,0.000110,0.000021,
18.750000,0.000006,0.000029,0.000027,0.000296,0.000268,0.000028,
18.799999,0.000011,0.000198,0.000055,0.000326,0.000343,0.000028,
18.850000,0.000040,0.000231,0.000059,0.000316,0.000336,0.000388,
18.900000,0.000073,0.000626,0.000593,0.000592,0.000729,0.001189,
18.950001,0.000093,0.000645,0.002041,0.000668,0.002785,0.001418,
19.000000,0.001350,0.000696,0.009394,0.002719,0.002806,0.005315,
19.049999,0.001348,0.000773,0.010850,0.003679,0.004735,0.005980,
19.100000,0.001371,0.001262,0.012065,0.004672,0.004722,0.006406,
19.150000,0.001395,0.001309,0.011687,0.004924,0.005433,0.012821,
19.200001,0.001383,0.001447,0.010129,0.013542,0.006659,0.022240,
19.250000,0.001782,0.001389,0.008503,0.021661,0.008147,0.027581,
19.299999,0.001769,0.001057,0.006873,0.023398,0.014717,0.029505,
19.350000,0.002331,0.001316,0.006476,0.026831,0.017136,0.046768,
19.400000,0.003203,0.001511,0.008589,0.025938,0.031576,0.067222,
19.450001,0.004291,0.001669,0.014955,0.028504,0.045714,0.083107,
19.500000,0.004778,0.001655,0.017725,0.020602,0.043173,0.083221,
19.549999,0.004529,0.001633,0.026672,0.028682,0.042243,0.082281,
19.600000,0.004854,0.002420,0.028101,0.013909,0.044622,0.082357,
19.650000,0.004632,0.002979,0.027512,0.006994,0.056072,0.076524,
19.700001,0.004107,0.003988,0.021262,0.017401,0.081716,0.058562,
19.750000,0.001762,0.004533,0.016902,0.017319,0.129232,0.053633,
19.799999,0.000853,0.005166,0.010513,0.020461,0.125885,0.053586,
19.850000,0.001025,0.004986,0.007265,0.020550,0.133874,0.049457,
19.900000,0.000982,0.003496,0.005084,0.027168,0.108614,0.033895,
19.950001,0.000650,0.001797,0.006347,0.029125,0.070466,0.016871,
20.000000,0.000692,0.001118,0.008460,0.029924,0.046111,0.012259,
20.049999,0.000597,0.000275,0.007640,0.018523,0.023341,0.012290,
20.100000,0.000516,0.000342,0.006905,0.017877,0.026613,0.012166,
20.150000,0.000496,0.000156,0.003612,0.013691,0.027068,0.010267,
20.200001,0.000488,0.000157,0.003292,0.013055,0.025516,0.010139,
20.250000,0.000484,0.000075,0.001622,0.007853,0.007954,0.005217,
20.299999,0.000399,0.000073,0.001369,0.008198,0.007506,0.004632,
20.350000,0.000162,0.000074,0.000764,0.001083,0.002127,0.003499,
20.400000,0.000149,0.000070,0.000232,0.001049,0.001575,0.001719,
20.450001,0.000142,0.000068,0.000166,0.001351,0.001567,0.001190,
20.500000,0.000045,0.000069,0.000168,0.001305,0.001131,0.000851,
20.549999,0.000040,0.000066,0.000113,0.001349,0.001121,0.000742,
20.600000,0.000035,0.000063,0.000116,0.000906,0.000775,0.000544,
20.650000,0.000015,0.000028,0.000097,0.000890,0.000783,0.000503,
20.700001,0.000040,0.000028,0.000082,0.000903,0.001327,0.000453,
20.750000,0.000042,0.000033,0.000076,0.000984,0.001349,0.000445,
20.799999,0.000043,0.000033,0.000064,0.001311,0.001188,0.000447,
20.850000,0.000064,0.000042,0.000076,0.001278,0.001499,0.000321,
20.900000,0.000076,0.000052,0.000092,0.001338,0.001385,0.000362,
20.950001,0.000081,0.000046,0.000078,0.000624,0.001290,0.000161,
21.000000,0.000109,0.000045,0.000074,0.000691,0.001322,0.000290,
21.049999,0.000109,0.000057,0.000112,0.000780,0.001659,0.000619,
21.100000,0.000111,0.000041,0.000114,0.000882,0.001548,0.000565,
21.150000,0.000106,0.000043,0.000106,0.000985,0.001567,0.000792,
21.200001,0.000042,0.000048,0.000107,0.000985,0.001143,0.000820,
21.250000,0.000045,0.000040,0.000075,0.001224,0.000992,0.000811,
21.299999,0.000040,0.000055,0.000077,0.000884,0.000996,0.000786,
21.350000,0.000042,0.000064,0.000076,0.000802,0.000491,0.000927,
21.400000,0.000047,0.000060,0.000065,0.000730,0.000537,0.000636,
21.450001,0.000061,0.000060,0.000067,0.000730,0.000537,0.000612,
21.500000,0.000050,0.000060,0.000073,0.000724,0.000524,0.000606,
21.549999,0.000057,0.000051,0.000073,0.000651,0.000365,0.000593,
21.600000,0.000056,0.000049,0.000079,0.000464,0.000419,0.000504,
21.650000,0.000086,0.000042,0.000094,0.000827,0.000454,0.000780,
21.700001,0.000157,0.000039,0.000090,0.000796,0.000516,0.000760,
21.750000,0.000182,0.000017,0.000097,0.000724,0.000572,0.000761,
21.799999,0.000198,0.000012,0.000092,0.000673,0.000601,0.000760,
21.850000,0.000184,0.000010,0.000092,0.000699,0.000665,0.000662,
21.900000,0.000194,0.000011,0.000097,0.000678,0.000634,0.000704,
21.950001,0.000162,0.000007,0.000099,0.000671,0.000631,0.000475,
22.000000,0.000176,0.000006,0.000137,0.000841,0.000563,0.000895,
22.049999,0.000162,0.000006,0.000102,0.001431,0.000440,0.000911,
22.100000,0.000153,0.000008,0.000098,0.001464,0.000560,0.000904,
22.150000,0.000156,0.000008,0.000136,0.001023,0.000694,0.000754,
22.200001,0.000167,0.000015,0.000139,0.001237,0.000545,0.000990,
22.250000,0.000166,0.000035,0.000156,0.001254,0.000524,0.001009,
22.299999,0.000168,0.000035,0.000148,0.001329,0.000447,0.000922,
22.350000,0.000174,0.000034,0.000159,0.001323,0.000679,0.000736,
22.400000,0.000135,0.000040,0.000242,0.001468,0.000642,0.000531,
22.450001,0.000081,0.000106,0.001124,0.001728,0.000642,0.000561,
22.500000,0.000090,0.000238,0.002415,0.002090,0.001286,0.000371,
22.549999,0.000110,0.000388,0.003724,0.008723,0.001584,0.000342,
22.600000,0.000128,0.000501,0.004351,0.023396,0.001577,0.000388,
22.650000,0.000086,0.000480,0.004169,0.041853,0.001510,0.000677,
22.700001,0.000153,0.000998,0.003892,0.043177,0.005549,0.001970,
22.750000,0.000131,0.000844,0.003841,0.047891,0.005603,0.002181,
22.799999,0.000131,0.001916,0.003295,0.042568,0.006898,0.003429,
22.850000,0.000166,0.001915,0.003563,0.037076,0.006886,0.003471,
22.900000,0.000422,0.002117,0.004303,0.028280,0.009099,0.003415,
22.950001,0.000422,0.001865,0.005175,0.015010,0.009094,0.003932,
23.000000,0.000422,0.002380,0.004645,0.020912,0.009221,0.005582,
23.049999,0.000489,0.002301,0.003191,0.030380,0.008221,0.012519,
23.100000,0.000458,0.001999,0.001904,0.036135,0.010189,0.017429,
23.150000,0.000777,0.001169,0.001829,0.031740,0.011460,0.018489,
23.200001,0.000719,0.001145,0.001475,0.034612,0.021584,0.019473,
23.250000,0.000921,0.000669,0.001846,0.025807,0.021260,0.014481,
23.299999,0.000935,0.000590,0.001951,0.026076,0.021218,0.019688,
23.350000,0.001557,0.000582,0.001922,0.021911,0.017802,0.022194,
23.400000,0.001033,0.000968,0.001965,0.014863,0.018400,0.037403,
23.450001,0.001330,0.001047,0.002019,0.006479,0.017301,0.041437,
23.500000,0.001240,0.000923,0.002048,0.010585,0.009571,0.048372,
23.549999,0.003155,0.000969,0.001210,0.010134,0.008312,0.042862,
23.600000,0.002581,0.000946,0.000914,0.010043,0.008573,0.038687,
23.650000,0.002890,0.000703,0.000477,0.008208,0.008583,0.028323,
23.700001,0.002182,0.000778,0.000609,0.005980,0.003307,0.021477,
23.750000,0.002121,0.000720,0.000613,0.009438,0.002505,0.013868,
23.799999,0.001758,0.000594,0.000294,0.011654,0.002571,0.019298,
23.850000,0.001758,0.000524,0.000332,0.012565,0.003007,0.019328,
23.900000,0.001359,0.000516,0.000356,0.013444,0.005048,0.013758,
23.950001,0.001434,0.000463,0.000622,0.013339,0.012380,0.013460,
24.000000,0.001800,0.000579,0.000861,0.007503,0.011852,0.011192,
24.049999,0.001158,0.000769,0.001069,0.007558,0.011834,0.008407,
24.100000,0.001191,0.000783,0.001132,0.003773,0.011401,0.006735,
24.150000,0.001512,0.000761,0.001134,0.003540,0.011700,0.006326,
24.200001,0.001471,0.000573,0.000660,0.002771,0.013309,0.004527,
24.250000,0.001044,0.000567,0.000587,0.002339,0.014479,0.004086,
24.299999,0.001056,0.000595,0.000457,0.001293,0.015954,0.001624,
24.350000,0.000792,0.000607,0.000455,0.001203,0.017310,0.001056,
24.400000,0.000502,0.000549,0.000061,0.001024,0.016908,0.001015,
24.450001,0.000448,0.000451,0.000056,0.000842,0.006144,0.000589,
24.500000,0.000373,0.000304,0.000036,0.000787,0.005675,0.000443,
24.549999,0.000053,0.000082,0.000011,0.000246,0.004165,0.000366,
24.600000,0.000051,0.000079,0.000011,0.000179,0.000955,0.000142,
24.650000,0.000020,0.000038,0.000011,0.000158,0.000144,0.000128,
24.700001,0.000019,0.000035,0.000010,0.000158,0.000127,0.000127,
24.750000,0.000020,0.000030,0.000007,0.000113,0.000095,0.000129,
24.799999,0.000016,0.000028,0.000007,0.000103,0.000105,0.000008,
24.850000,0.000011,0.000028,0.000006,0.000103,0.000083,0.000005,
24.900000,0.000004,0.000005,0.000004,0.000026,0.000073,0.000003,
24.950001,0.000003,0.000002,0.000007,0.000027,0.000021,0.000003,
25.000000,0.000003,0.000002,0.000007,0.000027,0.000030,0.000005,
25.049999,0.000003,0.000002,0.000009,0.000031,0.000030,0.000006,
25.100000,0.000003,0.000003,0.000010,0.000028,0.000033,0.000008,
25.150000,0.000003,0.000002,0.000010,0.000028,0.000025,0.000008,
25.200001,0.000002,0.000004,0.000009,0.000030,0.000022,0.000007,
25.250000,0.000002,0.000006,0.000009,0.000030,0.000019,0.000009,
25.299999,0.000002,0.000007,0.000010,0.000022,0.000012,0.000008,
25.350000,0.000002,0.000007,0.000009,0.000035,0.000018,0.000016,
25.400000,0.000003,0.000007,0.000008,0.000031,0.000035,0.000020,
25.450001,0.000003,0.000007,0.000006,0.000031,0.000035,0.000019,
25.500000,0.000003,0.000007,0.000006,0.000031,0.000026,0.000020,
25.549999,0.000003,0.000007,0.000004,0.000027,0.000030,0.000020,
25.600000,0.000003,0.000007,0.000004,0.000042,0.000030,0.000021,
25.650000,0.000003,0.000007,0.000004,0.000045,0.000030,0.000022,
25.700001,0.000003,0.000005,0.000005,0.000039,0.000030,0.000022,
25.750000,0.000003,0.000003,0.000005,0.000038,0.000030,0.000024,
25.799999,0.000003,0.000003,0.000005,0.000037,0.000026,0.000025,
25.850000,0.000003,0.000003,0.000006,0.000029,0.000031,0.000019,
25.900000,0.000003,0.000003,0.000006,0.000032,0.000020,0.000018,
25.950001,0.000003,0.000003,0.000006,0.000032,0.000020,0.000018,
26.000000,0.000007,0.000003,0.000005,0.000032,0.000022,0.000019,
26.049999,0.000007,0.000002,0.000006,0.000031,0.000034,0.000017,
26.100000,0.000007,0.000003,0.000005,0.000020,0.000036,0.000018,
26.150000,0.000007,0.000003,0.000004,0.000017,0.000029,0.000023,
26.200001,0.000007,0.000003,0.000006,0.000017,0.000027,0.000028,
26.250000,0.000009,0.000003,0.000006,0.000027,0.000027,0.000025,
26.299999,0.000007,0.000003,0.000004,0.000046,0.000027,0.000027,
26.350000,0.000007,0.000004,0.000004,0.000040,0.000028,0.000017,
26.400000,0.000008,0.000003,0.000004,0.000045,0.000030,0.000019,
26.450001,0.000007,0.000003,0.000006,0.000057,0.000030,0.000024,
26.500000,0.000004,0.000004,0.000007,0.000057,0.000032,0.000018,
26.549999,0.000003,0.000004,0.000006,0.000055,0.000014,0.000014,
26.600000,0.000003,0.000004,0.000007,0.000052,0.000008,0.000014,
26.650000,0.000003,0.000004,0.000008,0.000051,0.000009,0.000014,
26.700001,0.000002,0.000005,0.000005,0.000047,0.000013,0.000013,
26.750000,0.000002,0.000005,0.000005,0.000044,0.000014,0.000013,
26.799999,0.000002,0.000004,0.000005,0.000035,0.000013,0.000012,
26.850000,0.000002,0.000004,0.000005,0.000032,0.000012,0.000013,
26.900000,0.000002,0.000003,0.000005,0.000024,0.000012,0.000013,
26.950001,0.000002,0.000003,0.000003,0.000020,0.000022,0.000007,
27.000000,0.000002,0.000002,0.000003,0.000020,0.000017,0.000006,
27.049999,0.000002,0.000002,0.000003,0.000021,0.000020,0.000007,
27.100000,0.000002,0.000003,0.000004,0.000022,0.000026,0.000006,
27.150000,0.000002,0.000002,0.000004,0.000023,0.000026,0.000007,
27.200001,0.000003,0.000002,0.000004,0.000013,0.000026,0.000016,
27.250000,0.000002,0.000002,0.000003,0.000010,0.000026,0.000015,
27.299999,0.000001,0.000002,0.000003,0.000012,0.000023,0.000016,
27.350000,0.000002,0.000003,0.000003,0.000015,0.000020,0.000016,
27.400000,0.000002,0.000003,0.000003,0.000012,0.000010,0.000015,
27.450001,0.000001,0.000003,0.000004,0.000011,0.000015,0.000013,
27.500000,0.000002,0.000003,0.000004,0.000009,0.000048,0.000013,
27.549999,0.000001,0.000003,0.000002,0.000009,0.000058,0.000013,
27.600000,0.000002,0.000002,0.000003,0.000008,0.000055,0.000019,
27.650000,0.000004,0.000002,0.000003,0.000008,0.000059,0.000020,
27.700001,0.000003,0.000002,0.000003,0.000008,0.000060,0.000021,
27.750000,0.000004,0.000002,0.000003,0.000010,0.000063,0.000022,
27.799999,0.000004,0.000002,0.000004,0.000009,0.000063,0.000023,
27.850000,0.000004,0.000001,0.000004,0.000012,0.000063,0.000026,
27.900000,0.000004,0.000002,0.000005,0.000013,0.000103,0.000028,
27.950001,0.000004,0.000002,0.000004,0.000014,0.000112,0.000027,
28.000000,0.000006,0.000002,0.000004,0.000013,0.000112,0.000029,
28.049999,0.000006,0.000002,0.000005,0.000018,0.000094,0.000030,
28.100000,0.000004,0.000002,0.000005,0.000022,0.000094,0.000027,
28.150000,0.000004,0.000002,0.000005,0.000022,0.000094,0.000023,
28.200001,0.000004,0.000001,0.000005,0.000023,0.000093,0.000014,
28.250000,0.000005,0.000002,0.000007,0.000022,0.000102,0.000017,
28.299999,0.000006,0.000002,0.000005,0.000017,0.000107,0.000015,
28.350000,0.000006,0.000003,0.000005,0.000014,0.000101,0.000020,
28.400000,0.000007,0.000003,0.000006,0.000018,0.000064,0.000020,
28.450001,0.000007,0.000004,0.000006,0.000015,0.000057,0.000020,
28.500000,0.000004,0.000004,0.000006,0.000023,0.000045,0.000016,
28.549999,0.000004,0.000005,0.000008,0.000012,0.000047,0.000014,
28.600000,0.000004,0.000005,0.000008,0.000020,0.000047,0.000017,
28.650000,0.000004,0.000005,0.000007,0.000026,0.000046,0.000021,
28.700001,0.000005,0.000005,0.000007,0.000026,0.000046,0.000021,
28.750000,0.000004,0.000005,0.000006,0.000031,0.000031,0.000022,
28.799999,0.000003,0.000004,0.000006,0.000033,0.000022,0.000026,
28.850000,0.000003,0.000004,0.000006,0.000033,0.000026,0.000020,
28.900000,0.000003,0.000003,0.000005,0.000035,0.000023,0.000020,
28.950001,0.000003,0.000003,0.000005,0.000035,0.000020,0.000022,
29.000000,0.000005,0.000003,0.000006,0.000021,0.000017,0.000026,
29.049999,0.000005,0.000002,0.000005,0.000026,0.000018,0.000025,
29.100000,0.000003,0.000002,0.000004,0.000025,0.000017,0.000031,
29.150000,0.000003,0.000002,0.000004,0.000023,0.000021,0.000024,
29.200001,0.000003,0.000001,0.000004,0.000025,0.000023,0.000028,
29.250000,0.000003,0.000001,0.000004,0.000022,0.000026,0.000028,
29.299999,0.000003,0.000002,0.000005,0.000019,0.000013,0.000025,
29.350000,0.000003,0.000002,0.000004,0.000020,0.000026,0.000030,
29.400000,0.000003,0.000002,0.000004,0.000016,0.000025,0.000028,
29.450001,0.000005,0.000002,0.000004,0.000019,0.000030,0.000025,
29.500000,0.000004,0.000002,0.000003,0.000019,0.000030,0.000023,
29.549999,0.000004,0.000002,0.000003,0.000010,0.000033,0.000023,
29.600000,0.000004,0.000002,0.000003,0.000011,0.000037,0.000014,
29.650000,0.000004,0.000002,0.000003,0.000010,0.000038,0.000016,
29.700001,0.000004,0.000003,0.000003,0.000020,0.000043,0.000011,
29.750000,0.000005,0.000003,0.000004,0.000019,0.000039,0.000012,
29.799999,0.000005,0.000003,0.000003,0.000020,0.000044,0.000019,
29.850000,0.000005,0.000003,0.000006,0.000020,0.000020,0.000019,
29.900000,0.000005,0.000003,0.000005,0.000022,0.000019,0.000019,
29.950001,0.000004,0.000002,0.000005,0.000015,0.000015,0.000022,
30.000000,0.000003,0.000003,0.000005,0.000029,0.000029,0.000022,
30.049999,0.000006,0.000004,0.000005,0.000032,0.000033,0.000021,
30.100000,0.000007,0.000004,0.000005,0.000033,0.000033,0.000020,
30.150000,0.000006,0.000002,0.000005,0.000048,0.000047,0.000019,
30.200001,0.000006,0.000003,0.000005,0.000039,0.000043,0.000019,
30.250000,0.000006,0.000003,0.000004,0.000040,0.000049,0.000025,
30.299999,0.000006,0.000003,0.000005,0.000042,0.000047,0.000016,
30.350000,0.000007,0.000003,0.000002,0.000042,0.000056,0.000013,
30.400000,0.000007,0.000003,0.000010,0.000037,0.000058,0.000014,
30.450001,0.000008,0.000004,0.000011,0.000037,0.000060,0.000014,
30.500000,0.000008,0.000003,0.000011,0.000029,0.000106,0.000014,
30.549999,0.000005,0.000002,0.000011,0.000030,0.000122,0.000012,
30.600000,0.000005,0.000002,0.000013,0.000031,0.000138,0.000013,
30.650000,0.000015,0.000006,0.000014,0.000034,0.000159,0.000018,
30.700001,0.000018,0.000008,0.000014,0.000035,0.000166,0.000016,
30.750000,0.000019,0.000007,0.000015,0.000033,0.000155,0.000025,
30.799999,0.000021,0.000005,0.000018,0.000036,0.000130,0.000167,
30.850000,0.000017,0.000005,0.000018,0.000040,0.000133,0.000167,
30.900000,0.000015,0.000005,0.000009,0.000039,0.000106,0.000166,
30.950001,0.000025,0.000006,0.000013,0.000050,0.000150,0.000182,
31.000000,0.000292,0.000074,0.000012,0.000080,0.001124,0.004264,
31.049999,0.000604,0.000082,0.000014,0.000126,0.001596,0.017630,
31.100000,0.000711,0.000134,0.000028,0.000148,0.001885,0.020980,
31.150000,0.000799,0.000145,0.000078,0.000227,0.002012,0.040209,
31.200001,0.000925,0.000148,0.000084,0.000217,0.001981,0.065193,
31.250000,0.001055,0.000148,0.000082,0.000176,0.001918,0.084347,
31.299999,0.001279,0.000151,0.000103,0.000097,0.001784,0.088278,
31.350000,0.001781,0.000324,0.000129,0.000176,0.001688,0.077749,
31.400000,0.002117,0.000500,0.000132,0.000141,0.001765,0.082845,
31.450001,0.002293,0.000571,0.000149,0.000184,0.002007,0.061319,
31.500000,0.002389,0.000626,0.000383,0.000251,0.001808,0.058924,
31.549999,0.002174,0.000610,0.000494,0.000301,0.001468,0.066009,
31.600000,0.002080,0.000750,0.000442,0.000338,0.001214,0.042420,
31.650000,0.002245,0.000743,0.000491,0.000354,0.000579,0.033704,
31.700001,0.002867,0.000835,0.000461,0.000344,0.000890,0.030425,
31.750000,0.002999,0.000819,0.000456,0.000450,0.002343,0.048442,
31.799999,0.004205,0.001183,0.000680,0.000525,0.002667,0.096890,
31.850000,0.004321,0.001002,0.000725,0.000588,0.002631,0.077728,
31.900000,0.004488,0.000863,0.000742,0.000568,0.002500,0.076295,
31.950001,0.005445,0.000895,0.000694,0.000703,0.002421,0.070489,
32.000000,0.004759,0.000775,0.000487,0.000807,0.002430,0.074238,
32.049999,0.004827,0.000719,0.000380,0.000927,0.002407,0.080704,
32.099998,0.004888,0.000714,0.000379,0.001003,0.002471,0.091745,
32.150002,0.004992,0.000733,0.000371,0.001278,0.002115,0.088206,
32.200001,0.004040,0.000743,0.000348,0.001380,0.001051,0.084720,
32.250000,0.003473,0.000746,0.000288,0.000870,0.000501,0.085723,
32.299999,0.002791,0.000543,0.000194,0.000876,0.000315,0.042503,
32.349998,0.002679,0.000648,0.000177,0.000425,0.000190,0.067601,
32.400002,0.002426,0.000712,0.000111,0.000161,0.000189,0.071647,
32.450001,0.001518,0.000595,0.000121,0.000143,0.000349,0.047646,
32.500000,0.001601,0.000553,0.000121,0.000156,0.001396,0.043341,
32.549999,0.001404,0.000423,0.000071,0.000163,0.001368,0.044765,
32.599998,0.001472,0.000446,0.000074,0.000173,0.001274,0.053855,
32.650002,0.001963,0.000896,0.000070,0.000104,0.001465,0.053198,
32.700001,0.002030,0.000731,0.000058,0.000113,0.001499,0.057692,
32.750000,0.001546,0.000677,0.000034,0.000113,0.001444,0.065049,
32.799999,0.001629,0.000722,0.000036,0.000067,0.001532,0.067543,
32.849998,0.001532,0.000668,0.000033,0.000067,0.001877,0.066177,
32.900002,0.001224,0.000848,0.000031,0.000069,0.001910,0.069389,
32.950001,0.001233,0.000836,0.000019,0.000071,0.001754,0.048348,
33.000000,0.001171,0.000839,0.000015,0.000037,0.000353,0.033962,
33.049999,0.001179,0.000848,0.000015,0.000054,0.000171,0.029809,
33.099998,0.001093,0.000750,0.000012,0.000079,0.000239,0.029561,
33.150002,0.000373,0.000463,0.000011,0.000081,0.000457,0.019262,
33.200001,0.000482,0.000484,0.000420,0.000145,0.001649,0.019380,
33.250000,0.000481,0.000470,0.000415,0.000147,0.001671,0.020062,
33.299999,0.000405,0.000374,0.000419,0.000138,0.001661,0.017551,
33.349998,0.000401,0.000373,0.000409,0.000141,0.001444,0.006082,
33.400002,0.000126,0.000042,0.000406,0.000136,0.001458,0.000465,
33.450001,0.000125,0.000042,0.000394,0.000134,0.001463,0.000457,
33.500000,0.000122,0.000041,0.000387,0.000135,0.001486,0.000455,
33.549999,0.000121,0.000042,0.000383,0.000125,0.001462,0.000454,
33.599998,0.000121,0.000042,0.000392,0.000087,0.001348,0.000394,
33.650002,0.000106,0.000042,0.000396,0.000095,0.001266,0.000239,
33.700001,0.000004,0.000002,0.000011,0.000016,0.000057,0.000007,
33.750000,0.000004,0.000003,0.000009,0.000027,0.000069,0.000009,
33.799999,0.000002,0.000003,0.000009,0.000027,0.000050,0.000009,
33.849998,0.000002,0.000004,0.000007,0.000025,0.000039,0.000013,
33.900002,0.000002,0.000005,0.000007,0.000026,0.000038,0.000015,
33.950001,0.000002,0.000005,0.000006,0.000020,0.000026,0.000017,
34.000000,0.000003,0.000006,0.000005,0.000023,0.000030,0.000014,
34.049999,0.000003,0.000006,0.000005,0.000022,0.000035,0.000019,
34.099998,0.000003,0.000006,0.000006,0.000021,0.000024,0.000015,
34.150002,0.000003,0.000007,0.000007,0.000015,0.000022,0.000015,
34.200001,0.000003,0.000006,0.000007,0.000013,0.000021,0.000014,
34.250000,0.000004,0.000005,0.000008,0.000005,0.000025,0.000015,
34.299999,0.000003,0.000005,0.000007,0.000006,0.000036,0.000018,
34.349998,0.000004,0.000004,0.000007,0.000009,0.000033,0.000019,
34.400002,0.000003,0.000004,0.000005,0.000008,0.000044,0.000019,
34.450001,0.000003,0.000003,0.000008,0.000009,0.000045,0.000021,
34.500000,0.000003,0.000002,0.000008,0.000005,0.000043,0.000028,
34.549999,0.000002,0.000002,0.000007,0.000005,0.000037,0.000023,
34.599998,0.000002,0.000004,0.000005,0.000015,0.000037,0.000021,
34.650002,0.000002,0.000003,0.000005,0.000017,0.000038,0.000021,
34.700001,0.000003,0.000004,0.000005,0.000020,0.000042,0.000021,
34.750000,0.000002,0.000004,0.000004,0.000021,0.000033,0.000022,
34.799999,0.000002,0.000005,0.000004,0.000022,0.000025,0.000018,
34.849998,0.000002,0.000005,0.000004,0.000017,0.000032,0.000020,
34.900002,0.000003,0.000005,0.000007,0.000020,0.000020,0.000021,
34.950001,0.000003,0.000004,0.000004,0.000018,0.000032,0.000021,
35.000000,0.000003,0.000004,0.000004,0.000017,0.000032,0.000015,
35.049999,0.000004,0.000004,0.000005,0.000018,0.000035,0.000014,
35.099998,0.000005,0.000003,0.000006,0.000017,0.000038,0.000019,
35.150002,0.000007,0.000003,0.000009,0.000018,0.000040,0.000019,
35.200001,0.000008,0.000002,0.000011,0.000017,0.000041,0.000020,
35.250000,0.000008,0.000002,0.000012,0.000015,0.000045,0.000015,
35.299999,0.000008,0.000002,0.000013,0.000019,0.000043,0.000014,
35.349998,0.000008,0.000002,0.000015,0.000020,0.000033,0.000015,
35.400002,0.000008,0.000002,0.000012,0.000019,0.000024,0.000017,
35.450001,0.000008,0.000003,0.000012,0.000017,0.000022,0.000019,
35.500000,0.000006,0.000003,0.000012,0.000022,0.000022,0.000019,
35.549999,0.000006,0.000003,0.000012,0.000023,0.000023,0.000015,
35.599998,0.000003,0.000004,0.000014,0.000013,0.000022,0.000013,
35.650002,0.000001,0.000006,0.000012,0.000013,0.000015,0.000017,
35.700001,0.000002,0.000006,0.000009,0.000013,0.000024,0.000018,
35.750000,0.000002,0.000004,0.000008,0.000012,0.000026,0.000019,
35.799999,0.000002,0.000004,0.000008,0.000014,0.000020,0.000021,
35.849998,0.000002,0.000004,0.000005,0.000029,0.000019,0.000022,
35.900002,0.000002,0.000004,0.000005,0.000032,0.000017,0.000021,
35.950001,0.000002,0.000004,0.000007,0.000032,0.000016,0.000019,
36.000000,0.000003,0.000004,0.000007,0.000025,0.000019,0.000018,
36.049999,0.000003,0.000004,0.000007,0.000026,0.000020,0.000045,
36.099998,0.000004,0.000002,0.000004,0.000025,0.000035,0.000044,
36.150002,0.000003,0.000001,0.000004,0.000027,0.000038,0.000046,
36.200001,0.000003,0.000001,0.000010,0.000026,0.000031,0.000041,
36.250000,0.000003,0.000001,0.000011,0.000029,0.000037,0.000027,
36.299999,0.000003,0.000003,0.000011,0.000018,0.000038,0.000029,
36.349998,0.000003,0.000003,0.000011,0.000017,0.000036,0.000029,
36.400002,0.000004,0.000003,0.000011,0.000020,0.000035,0.000035,
36.450001,0.000004,0.000003,0.000008,0.000021,0.000036,0.000034,
36.500000,0.000004,0.000005,0.000006,0.000039,0.000034,0.000033,
36.549999,0.000003,0.000005,0.000006,0.000038,0.000026,0.000007,
36.599998,0.000004,0.000005,0.000007,0.000045,0.000023,0.000008,
36.650002,0.000003,0.000005,0.000007,0.000043,0.000022,0.000006,
36.700001,0.000003,0.000005,0.000004,0.000042,0.000022,0.000006,
36.750000,0.000006,0.000005,0.000006,0.000044,0.000027,0.000008,
36.799999,0.000007,0.000004,0.000007,0.000046,0.000030,0.000009,
36.849998,0.000010,0.000003,0.000006,0.000047,0.000061,0.000027,
36.900002,0.000010,0.000003,0.000006,0.000044,0.000148,0.000028,
36.950001,0.000024,0.000003,0.000006,0.000044,0.000146,0.000028,
37.000000,0.000090,0.000001,0.000007,0.000035,0.000134,0.000714,
37.049999,0.000112,0.000013,0.000007,0.000038,0.000192,0.004925,
37.099998,0.000112,0.000136,0.000006,0.000078,0.000194,0.026239,
37.150002,0.000106,0.000133,0.000006,0.000141,0.000190,0.069116,
37.200001,0.000297,0.000183,0.000069,0.000163,0.000192,0.093447,
37.250000,0.001379,0.000461,0.000062,0.000195,0.000784,0.097239,
37.299999,0.001369,0.000457,0.000065,0.000174,0.000832,0.161030,
37.349998,0.001287,0.000438,0.000069,0.000154,0.001094,0.237420,
37.400002,0.001519,0.000388,0.000070,0.000146,0.001132,0.301508,
37.450001,0.001526,0.000358,0.000066,0.000160,0.001139,0.303242,
37.500000,0.002241,0.000305,0.000100,0.000165,0.001134,0.285124,
37.549999,0.002285,0.000300,0.000102,0.000229,0.001477,0.227972,
37.599998,0.002209,0.000301,0.000102,0.000295,0.002352,0.191630,
37.650002,0.003113,0.000272,0.000113,0.000239,0.002371,0.185196,
37.700001,0.003098,0.000272,0.000089,0.000223,0.002699,0.131142,
37.750000,0.002283,0.000072,0.000091,0.000172,0.001734,0.033602,
37.799999,0.002104,0.000198,0.000090,0.000245,0.001785,0.029950,
37.849998,0.001983,0.000280,0.000089,0.000531,0.001997,0.032969,
37.900002,0.002010,0.000280,0.000087,0.000500,0.001818,0.062448,
37.950001,0.001473,0.000290,0.000135,0.000511,0.001806,0.091805,
38.000000,0.001362,0.000300,0.000108,0.000498,0.001729,0.108530,
38.049999,0.001307,0.000309,0.000108,0.000499,0.001611,0.129169,
38.099998,0.000917,0.000368,0.000107,0.000481,0.000883,0.135376,
38.150002,0.000751,0.000462,0.000098,0.000499,0.000902,0.098477,
38.200001,0.000826,0.000534,0.000076,0.000513,0.000388,0.086616,
38.250000,0.000607,0.000546,0.000076,0.000523,0.000368,0.074067,
38.299999,0.000468,0.000300,0.000088,0.000422,0.000362,0.078925,
38.349998,0.000251,0.000300,0.000094,0.000081,0.000273,0.066409,
38.400002,0.000229,0.000297,0.000095,0.000080,0.000253,0.092553,
38.450001,0.000295,0.000299,0.000047,0.000080,0.000212,0.106011,
38.500000,0.000332,0.000241,0.000055,0.000064,0.000371,0.103678,
38.549999,0.000306,0.000239,0.000051,0.000094,0.001018,0.094493,
38.599998,0.000303,0.000233,0.000050,0.000104,0.001022,0.075808,
38.650002,0.000128,0.000179,0.000041,0.000107,0.000943,0.051326,
38.700001,0.000120,0.000059,0.000040,0.000100,0.000911,0.039974,
38.750000,0.000120,0.000067,0.000040,0.000081,0.000787,0.018410,
38.799999,0.000123,0.000065,0.000021,0.000072,0.000733,0.005135,
38.849998,0.000031,0.000028,0.000018,0.000071,0.000727,0.000052,
38.900002,0.000029,0.000014,0.000018,0.000076,0.000697,0.000030,
38.950001,0.000015,0.000014,0.000018,0.000070,0.000704,0.000028,
39.000000,0.000009,0.000013,0.000016,0.000066,0.000661,0.000027,
39.049999,0.000007,0.000004,0.000010,0.000055,0.000079,0.000027,
39.099998,0.000004,0.000003,0.000006,0.000053,0.000091,0.000015,
39.150002,0.000004,0.000003,0.000006,0.000051,0.000032,0.000013,
39.200001,0.000003,0.000003,0.000006,0.000056,0.000032,0.000016,
39.250000,0.000003,0.000002,0.000005,0.000054,0.000038,0.000016,
39.299999,0.000003,0.000002,0.000005,0.000054,0.000043,0.000016,
39.349998,0.000003,0.000002,0.000005,0.000052,0.000043,0.000018,
39.400002,0.000004,0.000003,0.000006,0.000067,0.000029,0.000018,
39.450001,0.000003,0.000003,0.000006,0.000069,0.000029,0.000016,
39.500000,0.000004,0.000003,0.000008,0.000065,0.000026,0.000016,
39.549999,0.000005,0.000003,0.000005,0.000038,0.000021,0.000016,
39.599998,0.000006,0.000003,0.000005,0.000037,0.000014,0.000018,
39.650002,0.000008,0.000005,0.000005,0.000032,0.000015,0.000016,
39.700001,0.000008,0.000006,0.000005,0.000030,0.000013,0.000012,
39.750000,0.000008,0.000006,0.000006,0.000028,0.000011,0.000012,
39.799999,0.000008,0.000005,0.000007,0.000028,0.000009,0.000017,
39.849998,0.000009,0.000005,0.000009,0.000028,0.000009,0.000011,
39.900002,0.000008,0.000004,0.000006,0.000014,0.000012,0.000014,
39.950001,0.000007,0.000004,0.000004,0.000009,0.000013,0.000022,
40.000000,0.000007,0.000004,0.000004,0.000008,0.000012,0.000025,
40.049999,0.000005,0.000003,0.000003,0.000006,0.000015,0.000026,
40.099998,0.000005,0.000003,0.000003,0.000005,0.000018,0.000021,
40.150002,0.000003,0.000001,0.000006,0.000005,0.000019,0.000027,
40.200001,0.000004,0.000002,0.000006,0.000007,0.000023,0.000027,
40.250000,0.000004,0.000002,0.000006,0.000007,0.000017,0.000028,
40.299999,0.000005,0.000002,0.000007,0.000007,0.000020,0.000022,
40.349998,0.000003,0.000002,0.000005,0.000006,0.000020,0.000020,
40.400002,0.000005,0.000002,0.000005,0.000008,0.000017,0.000018,
40.450001,0.000005,0.000003,0.000006,0.000008,0.000018,0.000016,
40.500000,0.000005,0.000003,0.000006,0.000009,0.000020,0.000013,
40.549999,0.000005,0.000002,0.000006,0.000007,0.000023,0.000012,
40.599998,0.000006,0.000005,0.000006,0.000007,0.000018,0.000016,
40.650002,0.000008,0.000005,0.000004,0.000016,0.000019,0.000009,
40.700001,0.000007,0.000004,0.000003,0.000018,0.000016,0.000011,
40.750000,0.000007,0.000004,0.000003,0.000017,0.000016,0.000012,
40.799999,0.000005,0.000004,0.000002,0.000017,0.000015,0.000020,
40.849998,0.000005,0.000004,0.000003,0.000022,0.000019,0.000026,
40.900002,0.000005,0.000005,0.000003,0.000019,0.000018,0.000026,
40.950001,0.000005,0.000004,0.000002,0.000019,0.000015,0.000024,
41.000000,0.000005,0.000004,0.000005,0.000022,0.000015,0.000028,
41.049999,0.000005,0.000004,0.000006,0.000021,0.000016,0.000029,
41.099998,0.000006,0.000002,0.000006,0.000022,0.000017,0.000029,
41.150002,0.000004,0.000002,0.000007,0.000023,0.000017,0.000029,
41.200001,0.000004,0.000002,0.000007,0.000021,0.000017,0.000029,
41.250000,0.000003,0.000003,0.000007,0.000023,0.000022,0.000028,
41.299999,0.000003,0.000003,0.000007,0.000022,0.000024,0.000018,
41.349998,0.000004,0.000003,0.000013,0.000016,0.000028,0.000013,
41.400002,0.000003,0.000002,0.000013,0.000015,0.000029,0.000013,
41.450001,0.000002,0.000004,0.000013,0.000014,0.000032,0.000013,
41.500000,0.000002,0.000004,0.000011,0.000012,0.000038,0.000004,
41.549999,0.000002,0.000003,0.000011,0.000015,0.000041,0.000009,
41.599998,0.000002,0.000004,0.000010,0.000012,0.000055,0.000009,
41.650002,0.000003,0.000004,0.000011,0.000006,0.000054,0.000009,
41.700001,0.000003,0.000005,0.000011,0.000007,0.000049,0.000009,
41.750000,0.000003,0.000005,0.000011,0.000008,0.000051,0.000009,
41.799999,0.000003,0.000005,0.000011,0.000008,0.000045,0.000009,
41.849998,0.000005,0.000004,0.000005,0.000008,0.000045,0.000009,
41.900002,0.000005,0.000004,0.000006,0.000008,0.000048,0.000009,
41.950001,0.000006,0.000002,0.000006,0.000008,0.000037,0.000010,
42.000000,0.000006,0.000002,0.000004,0.000018,0.000037,0.000009,
42.049999,0.000008,0.000003,0.000004,0.000027,0.000030,0.000005,
42.099998,0.000009,0.000002,0.000006,0.000028,0.000024,0.000005,
42.150002,0.000008,0.000002,0.000010,0.000047,0.000018,0.000005,
42.200001,0.000008,0.000002,0.000011,0.000047,0.000024,0.000007,
42.250000,0.000009,0.000002,0.000011,0.000037,0.000034,0.000008,
42.299999,0.000008,0.000002,0.000011,0.000031,0.000030,0.000012,
42.349998,0.000006,0.000002,0.000011,0.000028,0.000041,0.000012,
42.400002,0.000007,0.000002,0.000012,0.000034,0.000061,0.000011,
42.450001,0.000007,0.000008,0.000013,0.000046,0.000206,0.000011,
42.500000,0.000009,0.000008,0.000015,0.000194,0.000365,0.000043,
42.549999,0.000009,0.000016,0.000015,0.000368,0.000757,0.000055,
42.599998,0.000173,0.000028,0.000012,0.000582,0.001289,0.000104,
42.650002,0.000221,0.000055,0.000198,0.001700,0.002243,0.000135,
42.700001,0.000574,0.000219,0.000313,0.011793,0.009492,0.000451,
42.750000,0.000542,0.000725,0.000299,0.049244,0.011848,0.000451,
42.799999,0.000514,0.001455,0.000293,0.119179,0.011652,0.002308,
42.849998,0.000454,0.004040,0.000293,0.190469,0.010568,0.003883,
42.900002,0.000930,0.005948,0.000311,0.245363,0.008656,0.005235,
42.950001,0.000876,0.009490,0.000298,0.305253,0.008055,0.007456,
43.000000,0.002234,0.012653,0.001070,0.395413,0.011530,0.010656,
43.049999,0.002455,0.018686,0.003153,0.411027,0.012013,0.010734,
43.099998,0.002688,0.023489,0.005559,0.350253,0.011873,0.020877,
43.150002,0.002405,0.030190,0.010901,0.262149,0.011962,0.040603,
43.200001,0.002435,0.036126,0.014694,0.173827,0.009162,0.055528,
43.250000,0.002212,0.040433,0.021684,0.107750,0.008487,0.065374,
43.299999,0.001927,0.041413,0.028505,0.069403,0.009301,0.065075,
43.349998,0.001766,0.044146,0.035000,0.047074,0.008522,0.060531,
43.400002,0.002168,0.040177,0.040368,0.034709,0.012399,0.051819,
43.450001,0.002362,0.034578,0.042745,0.059254,0.015384,0.041071,
43.500000,0.001425,0.025308,0.038104,0.112028,0.028084,0.028116,
43.549999,0.000925,0.018306,0.034710,0.153651,0.030002,0.031947,
43.599998,0.000439,0.011842,0.032869,0.190355,0.030712,0.034352,
43.650002,0.000437,0.007178,0.025012,0.249770,0.028457,0.029630,
43.700001,0.000437,0.004156,0.019131,0.233351,0.028127,0.021392,
43.750000,0.000446,0.002030,0.013703,0.184158,0.022232,0.014255,
43.799999,0.000469,0.000855,0.010998,0.142438,0.012872,0.010529,
43.849998,0.000447,0.000502,0.008081,0.104720,0.007147,0.006589,
43.900002,0.000375,0.000307,0.007337,0.052787,0.007440,0.006268,
43.950001,0.000970,0.000207,0.011536,0.026143,0.007625,0.006335,
44.000000,0.000987,0.000141,0.011337,0.027703,0.001492,0.007679,
44.049999,0.000816,0.000119,0.010210,0.033894,0.001294,0.008157,
44.099998,0.000913,0.000127,0.011084,0.036752,0.001371,0.008569,
44.150002,0.000862,0.000101,0.006999,0.045378,0.001134,0.008253,
44.200001,0.000814,0.000097,0.006170,0.074716,0.001161,0.008045,
44.250000,0.000722,0.000080,0.003653,0.090908,0.000804,0.007248,
44.299999,0.000730,0.000080,0.003109,0.092414,0.000879,0.005680,
44.349998,0.000682,0.000070,0.001606,0.089247,0.000637,0.005380,
44.400002,0.000764,0.000069,0.000896,0.065694,0.000729,0.004153,
44.450001,0.000396,0.000070,0.000718,0.021965,0.000732,0.003327,
44.500000,0.000392,0.000069,0.000643,0.013396,0.000745,0.002295,
44.549999,0.000389,0.000068,0.000628,0.009892,0.000737,0.001150,
44.599998,0.000230,0.000031,0.000667,0.005997,0.000142,0.001134,
44.650002,0.000137,0.000026,0.000091,0.002879,0.000062,0.000831,
44.700001,0.000117,0.000027,0.000087,0.002146,0.000070,0.000829,
44.750000,0.000091,0.000022,0.000061,0.001242,0.000055,0.000872,
44.799999,0.000116,0.000021,0.000077,0.000525,0.000039,0.000884,
44.849998,0.000105,0.000020,0.000070,0.000544,0.000043,0.001034,
44.900002,0.000069,0.000014,0.000098,0.000400,0.000036,0.000847,
44.950001,0.000069,0.000017,0.000090,0.000367,0.000037,0.000711,
45.000000,0.000070,0.000017,0.000087,0.000409,0.000037,0.000579,
45.049999,0.000069,0.000017,0.000096,0.000612,0.000038,0.000588,
45.099998,0.000073,0.000017,0.000100,0.000670,0.000040,0.000437,
45.150002,0.000057,0.000016,0.000130,0.000628,0.000034,0.000406,
45.200001,0.000056,0.000015,0.000129,0.000970,0.000028,0.000392,
45.250000,0.000057,0.000014,0.000150,0.001101,0.000027,0.000297,
45.299999,0.000046,0.000014,0.000115,0.001024,0.000026,0.000225,
45.349998,0.000042,0.000015,0.000123,0.001537,0.000017,0.000111,
45.400002,0.000018,0.000015,0.000081,0.001526,0.000015,0.000192,
45.450001,0.000023,0.000014,0.000133,0.001564,0.000016,0.000175,
45.500000,0.000025,0.000015,0.000143,0.001609,0.000020,0.000169,
45.549999,0.000036,0.000013,0.000144,0.002112,0.000021,0.000180,
45.599998,0.000030,0.000008,0.000152,0.002516,0.000038,0.000194,
45.650002,0.000036,0.000011,0.000150,0.002512,0.000038,0.000192,
45.700001,0.000038,0.000009,0.000151,0.002296,0.000038,0.000193,
45.750000,0.000046,0.000009,0.000080,0.002056,0.000037,0.000203,
45.799999,0.000034,0.000011,0.000068,0.002261,0.000036,0.000213,
45.849998,0.000040,0.000010,0.000064,0.002788,0.000031,0.000281,
45.900002,0.000048,0.000015,0.000068,0.003071,0.000032,0.000176,
45.950001,0.000046,0.000016,0.000166,0.002931,0.000042,0.000127,
46.000000,0.000051,0.000016,0.000158,0.003024,0.000042,0.000165,
46.049999,0.000044,0.000016,0.000180,0.003315,0.000042,0.000168,
46.099998,0.000076,0.000015,0.000239,0.004435,0.000029,0.000179,
46.150002,0.000081,0.000016,0.000239,0.004532,0.000028,0.000337,
46.200001,0.000077,0.000015,0.000281,0.004737,0.000041,0.000342,
46.250000,0.000066,0.000015,0.000281,0.004574,0.000043,0.000346,
46.299999,0.000073,0.000017,0.000276,0.004536,0.000043,0.000357,
46.349998,0.000075,0.000016,0.000275,0.003718,0.000043,0.000326,
46.400002,0.000075,0.000014,0.000278,0.002504,0.000047,0.000338,
46.450001,0.000082,0.000013,0.000178,0.001541,0.000040,0.000376,
46.500000,0.000085,0.000012,0.000167,0.001561,0.000030,0.000260,
46.549999,0.000078,0.000013,0.000119,0.001547,0.000032,0.000273,
46.599998,0.000061,0.000014,0.000133,0.000828,0.000038,0.000248,
46.650002,0.000060,0.000014,0.000123,0.001070,0.000042,0.000206,
46.700001,0.000059,0.000014,0.000100,0.000815,0.000041,0.000227,
46.750000,0.000069,0.000014,0.000141,0.000920,0.000037,0.000271,
46.799999,0.000052,0.000014,0.000126,0.001116,0.000043,0.000222,
46.849998,0.000053,0.000016,0.000121,0.001160,0.000046,0.000233,
46.900002,0.000059,0.000016,0.000154,0.001409,0.000041,0.000214,
46.950001,0.000056,0.000016,0.000142,0.001434,0.000038,0.000214,
47.000000,0.000051,0.000016,0.000143,0.001322,0.000039,0.000209,
47.049999,0.000051,0.000015,0.000153,0.001221,0.000033,0.000180,
47.099998,0.000040,0.000014,0.000104,0.001262,0.000058,0.000143,
47.150002,0.000038,0.000013,0.000108,0.001115,0.000057,0.000121,
47.200001,0.000038,0.000013,0.000113,0.001404,0.000049,0.000114,
47.250000,0.000028,0.000012,0.000112,0.001565,0.000056,0.000082,
47.299999,0.000034,0.000011,0.000119,0.001355,0.000055,0.000079,
47.349998,0.000067,0.000012,0.000136,0.001743,0.000054,0.000218,
47.400002,0.000056,0.000011,0.000101,0.001348,0.000057,0.000228,
47.450001,0.000054,0.000011,0.000113,0.001388,0.000052,0.000189,
47.500000,0.000061,0.000011,0.000157,0.001375,0.000049,0.000241,
47.549999,0.000062,0.000012,0.000135,0.001438,0.000047,0.000245,
47.599998,0.000064,0.000012,0.000139,0.001428,0.000023,0.000249,
47.650002,0.000060,0.000012,0.000139,0.001820,0.000028,0.000382,
47.700001,0.000124,0.000015,0.000139,0.003071,0.000029,0.000370,
47.750000,0.000123,0.000016,0.000157,0.006790,0.000022,0.000713,
47.799999,0.000124,0.000014,0.000157,0.019300,0.000036,0.001123,
47.849998,0.000097,0.000017,0.000454,0.042818,0.000066,0.001043,
47.900002,0.000112,0.000032,0.001759,0.071486,0.000144,0.001049,
47.950001,0.000135,0.000044,0.003640,0.079930,0.000148,0.001067,
48.000000,0.000140,0.000051,0.004768,0.074795,0.000148,0.001287,
48.049999,0.000146,0.000090,0.006138,0.067817,0.000152,0.001863,
48.099998,0.000189,0.000128,0.007977,0.056802,0.000164,0.002348,
48.150002,0.000189,0.000208,0.008658,0.044222,0.000240,0.002222,
48.200001,0.000137,0.000457,0.010287,0.043253,0.000400,0.002203,
48.250000,0.000136,0.000797,0.011585,0.047854,0.002254,0.002007,
48.299999,0.000132,0.001356,0.011195,0.056515,0.002394,0.001511,
48.349998,0.000151,0.002079,0.013571,0.082967,0.003167,0.001511,
48.400002,0.000143,0.004075,0.018540,0.110898,0.003619,0.001848,
48.450001,0.000205,0.006570,0.023090,0.124516,0.003850,0.002100,
48.500000,0.000203,0.009754,0.027384,0.126422,0.004418,0.002146,
48.549999,0.000192,0.012928,0.029852,0.107004,0.005153,0.002942,
48.599998,0.000206,0.016652,0.033770,0.083481,0.005094,0.003216,
48.650002,0.000207,0.021865,0.033267,0.048113,0.004996,0.003330,
48.700001,0.000215,0.025781,0.031991,0.028876,0.004952,0.003853,
48.750000,0.000212,0.029345,0.029592,0.022196,0.003411,0.006059,
48.799999,0.000304,0.032291,0.024071,0.021085,0.003106,0.007363,
48.849998,0.000307,0.031483,0.019639,0.033670,0.001230,0.007455,
48.900002,0.000311,0.030292,0.014536,0.066003,0.001229,0.007802,
48.950001,0.000336,0.027588,0.009380,0.101568,0.001240,0.007762,
49.000000,0.000293,0.024875,0.005605,0.119421,0.001224,0.007718,
49.049999,0.000363,0.019565,0.002962,0.126247,0.001404,0.006061,
49.099998,0.000354,0.015019,0.001602,0.132642,0.001038,0.005136,
49.150002,0.000352,0.012276,0.000883,0.145886,0.001683,0.005073,
49.200001,0.000373,0.008705,0.000571,0.148291,0.001393,0.006152,
49.250000,0.001094,0.005832,0.000850,0.140165,0.005793,0.016849,
49.299999,0.000870,0.004254,0.000866,0.125414,0.005742,0.014521,
49.349998,0.000922,0.002682,0.000857,0.098379,0.005713,0.014616,
49.400002,0.000793,0.001541,0.000869,0.081506,0.005257,0.014749,
49.450001,0.000831,0.000715,0.000873,0.066140,0.005714,0.014770,
49.500000,0.000711,0.000451,0.000875,0.044992,0.006389,0.014319,
49.549999,0.000718,0.000114,0.000706,0.019364,0.007207,0.013940,
49.599998,0.000623,0.000051,0.000709,0.008267,0.007957,0.010469,
49.650002,0.000299,0.000053,0.000573,0.003579,0.007984,0.008045,
49.700001,0.000197,0.000055,0.000576,0.002603,0.007592,0.008026,
49.750000,0.000025,0.000016,0.000016,0.000380,0.000991,0.000505,
49.799999,0.000013,0.000014,0.000015,0.000308,0.000964,0.000419,
49.849998,0.000016,0.000002,0.000015,0.000246,0.000772,0.000357,
49.900002,0.000004,0.000002,0.000003,0.000030,0.000048,0.000025,
49.950001,0.000004,0.000001,0.000003,0.000025,0.000047,0.000022,
50.000000,0.000004,0.000002,0.000005,0.000027,0.000046,0.000021,
50.049999,0.000004,0.000002,0.000004,0.000030,0.000046,0.000028,
50.099998,0.000004,0.000002,0.000007,0.000021,0.000046,0.000027,
50.150002,0.000004,0.000002,0.000008,0.000022,0.000042,0.000029,
50.200001,0.000004,0.000002,0.000008,0.000021,0.000044,0.000018,
50.250000,0.000004,0.000001,0.000008,0.000025,0.000046,0.000016,
50.299999,0.000004,0.000002,0.000008,0.000011,0.000032,0.000015,
50.349998,0.000003,0.000002,0.000009,0.000011,0.000018,0.000013,
50.400002,0.000002,0.000002,0.000009,0.000008,0.000012,0.000013,
50.450001,0.000003,0.000002,0.000009,0.000017,0.000010,0.000013,
50.500000,0.000003,0.000003,0.000010,0.000019,0.000011,0.000013,
50.549999,0.000002,0.000004,0.000010,0.000020,0.000013,0.000012,
50.599998,0.000002,0.000004,0.000006,0.000021,0.000022,0.000010,
50.650002,0.000002,0.000004,0.000006,0.000018,0.000023,0.000011,
50.700001,0.000004,0.000004,0.000007,0.000018,0.000023,0.000023,
50.750000,0.000004,0.000004,0.000007,0.000012,0.000019,0.000022,
50.799999,0.000004,0.000005,0.000008,0.000012,0.000030,0.000023,
50.849998,0.000003,0.000006,0.000008,0.000015,0.000032,0.000026,
50.900002,0.000004,0.000006,0.000008,0.000010,0.000038,0.000022,
50.950001,0.000003,0.000006,0.000017,0.000008,0.000033,0.000024,
51.000000,0.000004,0.000005,0.000014,0.000011,0.000032,0.000022,
51.049999,0.000004,0.000003,0.000018,0.000016,0.000034,0.000022,
51.099998,0.000004,0.000003,0.000018,0.000030,0.000029,0.000024,
51.150002,0.000004,0.000004,0.000020,0.000031,0.000029,0.000023,
51.200001,0.000004,0.000004,0.000019,0.000031,0.000027,0.000015,
51.250000,0.000004,0.000004,0.000019,0.000029,0.000042,0.000017,
51.299999,0.000004,0.000002,0.000019,0.000029,0.000033,0.000015,
51.349998,0.000004,0.000002,0.000018,0.000026,0.000032,0.000015,
51.400002,0.000004,0.000002,0.000018,0.000025,0.000024,0.000015,
51.450001,0.000004,0.000002,0.000005,0.000024,0.000025,0.000013,
51.500000,0.000003,0.000004,0.000005,0.000024,0.000025,0.000013,
51.549999,0.000004,0.000004,0.000005,0.000018,0.000026,0.000015,
51.599998,0.000004,0.000005,0.000006,0.000004,0.000022,0.000016,
51.650002,0.000005,0.000005,0.000006,0.000003,0.000020,0.000014,
51.700001,0.000003,0.000005,0.000007,0.000004,0.000018,0.000014,
51.750000,0.000003,0.000005,0.000009,0.000013,0.000010,0.000011,
51.799999,0.000003,0.000004,0.000009,0.000013,0.000020,0.000011,
51.849998,0.000002,0.000004,0.000009,0.000015,0.000021,0.000018,
51.900002,0.000003,0.000004,0.000011,0.000014,0.000021,0.000018,
51.950001,0.000002,0.000003,0.000012,0.000014,0.000029,0.000018,
52.000000,0.000002,0.000002,0.000012,0.000014,0.000031,0.000024,
52.049999,0.000002,0.000002,0.000009,0.000014,0.000026,0.000025,
52.099998,0.000002,0.000001,0.000006,0.000014,0.000027,0.000023,
52.150002,0.000002,0.000001,0.000006,0.000013,0.000026,0.000022,
52.200001,0.000003,0.000002,0.000006,0.000011,0.000026,0.000024,
52.250000,0.000003,0.000002,0.000003,0.000009,0.000038,0.000021,
52.299999,0.000002,0.000002,0.000003,0.000008,0.000026,0.000019,
52.349998,0.000002,0.000003,0.000003,0.000008,0.000033,0.000016,
52.400002,0.000003,0.000005,0.000002,0.000008,0.000037,0.000015,
52.450001,0.000003,0.000005,0.000001,0.000009,0.000031,0.000014,
52.500000,0.000004,0.000005,0.000003,0.000009,0.000029,0.000011,
52.549999,0.000004,0.000006,0.000004,0.000012,0.000030,0.000008,
52.599998,0.000005,0.000006,0.000004,0.000012,0.000027,0.000007,
52.650002,0.000025,0.000016,0.000010,0.000031,0.000450,0.001851,
52.700001,0.000026,0.000015,0.000019,0.000151,0.000780,0.003638,
52.750000,0.000046,0.000018,0.000031,0.000150,0.001475,0.003555,
52.799999,0.000102,0.000018,0.000035,0.000281,0.004670,0.003650,
52.849998,0.000172,0.000018,0.000035,0.000288,0.008147,0.003786,
52.900002,0.000285,0.000016,0.000036,0.000308,0.011133,0.003827,
52.950001,0.000532,0.000017,0.000035,0.000308,0.023668,0.003868,
53.000000,0.001332,0.000018,0.000036,0.000326,0.079441,0.003809,
53.049999,0.003046,0.000019,0.000035,0.000458,0.149457,0.003761,
53.099998,0.007414,0.000049,0.000206,0.001969,0.282230,0.003970,
53.150002,0.011878,0.000033,0.000393,0.002845,0.492204,0.008980,
53.200001,0.024266,0.000243,0.002347,0.006641,0.620945,0.019258,
53.250000,0.037503,0.000258,0.004380,0.009376,0.612986,0.024395,
53.299999,0.047132,0.000253,0.007266,0.008177,0.524979,0.023361,
53.349998,0.055802,0.000248,0.011311,0.010606,0.413172,0.020946,
53.400002,0.055821,0.000275,0.016106,0.013637,0.294604,0.018514,
53.450001,0.051737,0.000445,0.018560,0.017400,0.200233,0.015407,
53.500000,0.044575,0.000469,0.020861,0.020432,0.161315,0.023273,
53.549999,0.034656,0.000469,0.024045,0.021212,0.139247,0.030121,
53.599998,0.024903,0.000437,0.022962,0.026842,0.144523,0.038980,
53.650002,0.015592,0.000436,0.028148,0.024716,0.161698,0.037471,
53.700001,0.013099,0.000140,0.036131,0.016755,0.153972,0.027051,
53.750000,0.011285,0.000145,0.044912,0.008749,0.159606,0.016520,
53.799999,0.008542,0.000136,0.054123,0.006978,0.158422,0.009786,
53.849998,0.006908,0.000122,0.060982,0.007324,0.167888,0.008405,
53.900002,0.004225,0.000131,0.065458,0.007931,0.206211,0.006039,
53.950001,0.002573,0.000101,0.059449,0.011305,0.495186,0.002704,
54.000000,0.001541,0.000100,0.047799,0.010428,0.705767,0.002533,
54.049999,0.000950,0.000098,0.036616,0.010365,0.875343,0.002204,
54.099998,0.000112,0.000094,0.017583,0.003539,1.005871,0.000837,
54.150002,0.000100,0.000091,0.009433,0.003428,0.886832,0.000924,
54.200001,0.000096,0.000090,0.003389,0.002374,0.694428,0.000821,
54.250000,0.000076,0.000088,0.000949,0.002191,0.444727,0.000740,
54.299999,0.000056,0.000084,0.000388,0.002088,0.226581,0.000732,
54.349998,0.000046,0.000083,0.000344,0.001932,0.065222,0.000314,
54.400002,0.000019,0.000082,0.000239,0.001952,0.007227,0.000107,
54.450001,0.000016,0.000004,0.000080,0.000013,0.005775,0.000071,
54.500000,0.000007,0.000004,0.000022,0.000030,0.005705,0.000074,
54.549999,0.000008,0.000003,0.000019,0.000030,0.004474,0.000069,
54.599998,0.000007,0.000003,0.000015,0.000030,0.003127,0.000086,
54.650002,0.000005,0.000003,0.000016,0.000031,0.001889,0.000069,
54.700001,0.000005,0.000002,0.000012,0.000033,0.001850,0.000068,
54.750000,0.000005,0.000002,0.000010,0.000033,0.000894,0.000068,
54.799999,0.000006,0.000002,0.000012,0.000029,0.000621,0.000063,
54.849998,0.000006,0.000002,0.000009,0.000028,0.000497,0.000048,
54.900002,0.000005,0.000003,0.000010,0.000029,0.000493,0.000050,
54.950001,0.000005,0.000002,0.000008,0.000031,0.000493,0.000052,
55.000000,0.000006,0.000002,0.000007,0.000012,0.000435,0.000056,
55.049999,0.000004,0.000002,0.000007,0.000013,0.000336,0.000054,
55.099998,0.000005,0.000002,0.000006,0.000013,0.000321,0.000015,
55.150002,0.000005,0.000005,0.000006,0.000015,0.000321,0.000020,
55.200001,0.000005,0.000005,0.000006,0.000016,0.000418,0.000020,
55.250000,0.000005,0.000005,0.000006,0.000019,0.000413,0.000020,
55.299999,0.000003,0.000006,0.000004,0.000022,0.000287,0.000027,
55.349998,0.000004,0.000005,0.000004,0.000023,0.000291,0.000026,
55.400002,0.000003,0.000006,0.000004,0.000024,0.000450,0.000026,
55.450001,0.000003,0.000007,0.000004,0.000021,0.000482,0.000027,
55.500000,0.000005,0.000006,0.000006,0.000131,0.000659,0.000028,
55.549999,0.000005,0.000006,0.000016,0.000192,0.001565,0.000022,
55.599998,0.000005,0.000006,0.000027,0.000184,0.001371,0.000028,
55.650002,0.000005,0.000005,0.000026,0.000190,0.001896,0.000023,
55.700001,0.000005,0.000005,0.000024,0.000194,0.002558,0.000023,
55.750000,0.000005,0.000006,0.000022,0.000198,0.002858,0.000024,
55.799999,0.000007,0.000004,0.000022,0.000197,0.002788,0.000021,
55.849998,0.000007,0.000004,0.000019,0.000206,0.002769,0.000020,
55.900002,0.000007,0.000001,0.000018,0.000198,0.002615,0.000020,
55.950001,0.000008,0.000001,0.000006,0.000209,0.002634,0.000020,
56.000000,0.000006,0.000003,0.000006,0.000123,0.002351,0.000018,
56.049999,0.000009,0.000003,0.000005,0.000040,0.000833,0.000017,
56.099998,0.000009,0.000003,0.000002,0.000024,0.000541,0.000016,
56.150002,0.000009,0.000003,0.000003,0.000024,0.000442,0.000016,
56.200001,0.000011,0.000004,0.000004,0.000024,0.000215,0.000016,
56.250000,0.000011,0.000003,0.000004,0.000020,0.000117,0.000021,
56.299999,0.000006,0.000003,0.000005,0.000012,0.000111,0.000023,
56.349998,0.000008,0.000004,0.000005,0.000014,0.000194,0.000028,
56.400002,0.000007,0.000004,0.000004,0.000015,0.000186,0.000026,
56.450001,0.000007,0.000004,0.000009,0.000017,0.000169,0.000029,
56.500000,0.000008,0.000002,0.000011,0.000016,0.000186,0.000028,
56.549999,0.000006,0.000002,0.000009,0.000017,0.000183,0.000042,
56.599998,0.000006,0.000002,0.000014,0.000013,0.000183,0.000032,
56.650002,0.000005,0.000003,0.000015,0.000013,0.000119,0.000036,
56.700001,0.000004,0.000004,0.000015,0.000010,0.000115,0.000034,
56.750000,0.000005,0.000004,0.000015,0.000012,0.000151,0.000015,
56.799999,0.000005,0.000005,0.000014,0.000013,0.000183,0.000016,
56.849998,0.000005,0.000004,0.000011,0.000015,0.000146,0.000025,
56.900002,0.000005,0.000004,0.000007,0.000017,0.000145,0.000028,
56.950001,0.000006,0.000005,0.000008,0.000017,0.000365,0.000030,
57.000000,0.000005,0.000005,0.000009,0.000024,0.000293,0.000033,
57.049999,0.000005,0.000004,0.000007,0.000023,0.000436,0.000022,
57.099998,0.000005,0.000003,0.000006,0.000024,0.000508,0.000024,
57.150002,0.000009,0.000003,0.000007,0.000024,0.000844,0.000030,
57.200001,0.000007,0.000003,0.000018,0.000028,0.000782,0.000033,
57.250000,0.000009,0.000007,0.000046,0.000036,0.000755,0.000031,
57.299999,0.000009,0.000007,0.000067,0.000042,0.000768,0.000039,
57.349998,0.000010,0.000006,0.000066,0.000030,0.000797,0.000039,
57.400002,0.000010,0.000006,0.000059,0.000031,0.000987,0.000039,
57.450001,0.000010,0.000007,0.000043,0.000031,0.001216,0.000061,
57.500000,0.000011,0.000007,0.000036,0.000043,0.001255,0.000061,
57.549999,0.000009,0.000007,0.000029,0.000059,0.001744,0.000066,
57.599998,0.000010,0.000007,0.000020,0.000056,0.001590,0.000065,
57.650002,0.000006,0.000008,0.000018,0.000056,0.000899,0.000059,
57.700001,0.000005,0.000008,0.000018,0.000061,0.000690,0.000060,
57.750000,0.000003,0.000005,0.000013,0.000058,0.000915,0.000060,
57.799999,0.000004,0.000006,0.000007,0.000049,0.002186,0.000052,
57.849998,0.000004,0.000005,0.000008,0.000187,0.005886,0.000054,
57.900002,0.000005,0.000005,0.000080,0.001669,0.014873,0.000053,
57.950001,0.000005,0.000004,0.000535,0.004600,0.031492,0.000057,
58.000000,0.000007,0.000006,0.001369,0.006401,0.047924,0.000085,
58.049999,0.000012,0.000006,0.002512,0.006135,0.073398,0.000087,
58.099998,0.000021,0.000008,0.003824,0.006042,0.101740,0.000086,
58.150002,0.000027,0.000017,0.006708,0.006234,0.144713,0.000131,
58.200001,0.000027,0.000019,0.011392,0.006155,0.182094,0.000247,
58.250000,0.000172,0.000019,0.015963,0.006524,0.185237,0.000263,
58.299999,0.000441,0.000028,0.019742,0.006973,0.185856,0.000281,
58.349998,0.001078,0.000033,0.024169,0.007161,0.197224,0.000489,
58.400002,0.001695,0.000048,0.034764,0.006399,0.171973,0.000662,
58.450001,0.003227,0.000049,0.037523,0.003689,0.155445,0.000680,
58.500000,0.004477,0.000048,0.036873,0.000521,0.144927,0.000664,
58.549999,0.005407,0.000046,0.033535,0.000491,0.136629,0.000734,
58.599998,0.006833,0.000046,0.028559,0.000670,0.128919,0.000876,
58.650002,0.008081,0.000035,0.024242,0.000667,0.129602,0.000665,
58.700001,0.009414,0.000036,0.021116,0.000688,0.129619,0.000235,
58.750000,0.011962,0.000036,0.018300,0.000635,0.171387,0.000378,
58.799999,0.015836,0.000028,0.014895,0.000577,0.250965,0.000592,
58.849998,0.024158,0.000029,0.013268,0.001390,0.265902,0.001281,
58.900002,0.034912,0.000427,0.011986,0.001569,0.283626,0.001634,
58.950001,0.044330,0.000410,0.014063,0.001649,0.275463,0.002402,
59.000000,0.052498,0.000440,0.014222,0.001230,0.194417,0.003763,
59.049999,0.053987,0.000449,0.012152,0.001359,0.207181,0.003494,
59.099998,0.051492,0.000483,0.010614,0.001405,0.342962,0.003302,
59.150002,0.043843,0.000562,0.008592,0.001403,0.493210,0.002441,
59.200001,0.032939,0.000563,0.006525,0.001493,0.663273,0.002452,
59.250000,0.019326,0.000600,0.008682,0.005710,1.017951,0.009618,
59.299999,0.009844,0.000612,0.008148,0.005719,0.935485,0.010212,
59.349998,0.004741,0.000617,0.007999,0.004606,0.843968,0.010386,
59.400002,0.002905,0.000170,0.002088,0.003974,0.693067,0.010294,
59.450001,0.001756,0.000157,0.002082,0.003144,0.352241,0.009242,
59.500000,0.001652,0.000152,0.002079,0.003030,0.153437,0.006322,
59.549999,0.001615,0.000151,0.002067,0.003055,0.086242,0.005312,
59.599998,0.001618,0.000142,0.002069,0.002965,0.072291,0.003957,
59.650002,0.001581,0.000098,0.002046,0.002893,0.065082,0.002861,
59.700001,0.001587,0.000091,0.001478,0.002884,0.063384,0.002848,
59.750000,0.000009,0.000001,0.000010,0.000031,0.000032,0.000026,
59.799999,0.000007,0.000002,0.000007,0.000012,0.000021,0.000027,
59.849998,0.000006,0.000002,0.000007,0.000013,0.000031,0.000027,
59.900002,0.000007,0.000002,0.000006,0.000013,0.000038,0.000004,
59.950001,0.000007,0.000002,0.000003,0.000013,0.000039,0.000004,
60.000000,0.000006,0.000002,0.000004,0.000006,0.000034,0.000006,
60.049999,0.000006,0.000002,0.000004,0.000006,0.000039,0.000006,
60.099998,0.000005,0.000002,0.000004,0.000006,0.000032,0.000008,
60.150002,0.000005,0.000001,0.000004,0.000015,0.000033,0.000007,
60.200001,0.000005,0.000002,0.000002,0.000016,0.000034,0.000009,
60.250000,0.000002,0.000002,0.000002,0.000014,0.000033,0.000009,
60.299999,0.000002,0.000002,0.000002,0.000013,0.000031,0.000010,
60.349998,0.000002,0.000003,0.000003,0.000013,0.000022,0.000016,
60.400002,0.000002,0.000003,0.000003,0.000014,0.000012,0.000017,
60.450001,0.000002,0.000003,0.000003,0.000015,0.000012,0.000020,
60.500000,0.000002,0.000003,0.000002,0.000013,0.000010,0.000020,
60.549999,0.000001,0.000004,0.000002,0.000012,0.000008,0.000020,
60.599998,0.000001,0.000004,0.000006,0.000019,0.000006,0.000023,
60.650002,0.000003,0.000004,0.000006,0.000015,0.000005,0.000021,
60.700001,0.000003,0.000003,0.000006,0.000017,0.000003,0.000021,
60.750000,0.000004,0.000004,0.000007,0.000018,0.000017,0.000024,
60.799999,0.000003,0.000004,0.000006,0.000018,0.000019,0.000024,
60.849998,0.000003,0.000002,0.000006,0.000018,0.000018,0.000022,
60.900002,0.000003,0.000002,0.000008,0.000020,0.000019,0.000024,
60.950001,0.000003,0.000002,0.000009,0.000020,0.000018,0.000020,
61.000000,0.000004,0.000002,0.000009,0.000022,0.000029,0.000019,
61.049999,0.000004,0.000002,0.000009,0.000022,0.000034,0.000020,
61.099998,0.000003,0.000002,0.000003,0.000018,0.000036,0.000010,
61.150002,0.000002,0.000001,0.000003,0.000014,0.000051,0.000009,
61.200001,0.000002,0.000001,0.000003,0.000020,0.000050,0.000007,
61.250000,0.000002,0.000001,0.000003,0.000019,0.000053,0.000013,
61.299999,0.000003,0.000001,0.000003,0.000020,0.000051,0.000013,
61.349998,0.000004,0.000002,0.000008,0.000021,0.000061,0.000013,
61.400002,0.000004,0.000003,0.000008,0.000018,0.000061,0.000012,
61.450001,0.000004,0.000003,0.000007,0.000018,0.000061,0.000013,
61.500000,0.000004,0.000003,0.000007,0.000017,0.000059,0.000016,
61.549999,0.000004,0.000003,0.000007,0.000017,0.000051,0.000018,
61.599998,0.000007,0.000002,0.000010,0.000013,0.000054,0.000018,
61.650002,0.000007,0.000002,0.000009,0.000011,0.000065,0.000025,
61.700001,0.000006,0.000002,0.000011,0.000007,0.000065,0.000025,
61.750000,0.000004,0.000002,0.000011,0.000008,0.000052,0.000021,
61.799999,0.000004,0.000004,0.000012,0.000007,0.000053,0.000020,
61.849998,0.000002,0.000005,0.000008,0.000008,0.000039,0.000019,
61.900002,0.000004,0.000005,0.000007,0.000010,0.000041,0.000027,
61.950001,0.000004,0.000005,0.000007,0.000008,0.000043,0.000025,
62.000000,0.000009,0.000006,0.000007,0.000007,0.000041,0.000027,
62.049999,0.000009,0.000011,0.000035,0.000008,0.000042,0.000028,
62.099998,0.000023,0.000011,0.080695,0.000008,0.000035,0.000028,
62.150002,0.000024,0.000011,0.079870,0.000008,0.000018,0.000014,
62.200001,0.000028,0.000011,0.078956,0.000008,0.000016,0.000012,
62.250000,0.000033,0.000011,0.078149,0.000007,0.000017,0.000012,
62.299999,0.000039,0.000008,0.077442,0.000005,0.000017,0.000010,
62.349998,0.000043,0.000005,0.076748,0.000005,0.000018,0.000010,
62.400002,0.000043,0.000005,0.076066,0.000001,0.000014,0.000007,
62.450001,0.000040,0.000002,0.075441,0.000001,0.000000,0.000006,
62.500000,0.000017,0.000002,0.074855,0.000001,0.000000,0.000003,
0.000000,0.000000,0.000000,0.073636,0.000000,0.000000,0.000000,
